good_type,old_tags,new_tag
Accs,аккуратно сделан; выглядит дёшево; выглядит четко; выглядят нормально,внешний вид
Accs,аккуратный пошив; качественная пошивка; качественная ткань; качественные швы; качественный трикотаж; качественный шов; приятная ткань; рыхлая ткань,качественный пошив
Accs,базовая модель; базовый дизайн; базовый стиль,базовый вариант
Accs,бархатная текстура; деревянная текстура,приятная текстура
Accs,нет информации об uv,без uv-защиты
Accs,без форменная,бесформенная
Accs,белоснежный материал,белоснежный
Accs,благородный цвет; яркая расцветка; яркий цвет; ярко-голубой цвет,насыщенный цвет
Accs,блестящая ткань; блестящие; блестящий камень,блестящий
Accs,болтающееся стекло; запотевает стекло,стекло дефект
Accs,большемерит; большемерят; маломерит; маломерки; маломерят,нестандартный размер
Accs,большой размер; маленький размер; правильный размер,размер
Accs,большой циферблат; электронный циферблат,большой электронный циферблат
Accs,болят уши; уши не болят,эргономичные наушники
Accs,брутальный; добротный,прочный
Accs,в меру глубокий; в меру жесткий; в меру объемная,сбалансированный
Accs,выгорает; не выгорает,светостойкий
Accs,выдержала стирку; не выдерживает стирку,устойчивость к стирке
Accs,вызывает дискомфорт; вызывает комплименты,привлекает внимание
Accs,вылезают нитки; нитки торчат,торчащие нитки
Accs,высокое качество; достойное качество; качественная; качественно сделан; качественно сделана; качественное; качественное изделие; качественное исполнение; качественное украшение; качественные; качественные материалы; качественный; качественный материал; качественный металл; качество неплохое; качество супер; нормальное качество; отличное качество; отличное состояние; отличный материал; хорошее исполнение; хорошее качество; хорошие материалы; хороший крой; хороший материал; хороший состав,качество
Accs,выцветает,выцветает при намокании
Accs,вязаная; вязаные,вязаные изделия
Accs,гладкая кожа; качественная кожа; кожаные; кожаный; приятная к коже; хорошая кожа,кожа
Accs,глубокая,глубокая форма
Accs,грязно серый оттенок,грязный подклад
Accs,два цвета; двойные; двухслойная,двухсторонний
Accs,двойной подворот,широкий подворот
Accs,держит форму; не держит форму; не теряет форму; плохо держит форму; форма не держит; форму держит,сохраняет форму
Accs,дешёвая; дешёвые; недорогой,дешёвый
Accs,длинные пальцы; длинный большой палец; на длинные пальцы,для длинных пальцев
Accs,для большой головы; для маленького лица; для узкого лица; мала на большую голову; на большую голову; на широкое лицо; подходит для маленькой головы,универсальный размер
Accs,для джинс; плотный джинс,плотные джинсы
Accs,для лета; жарковата летом,на лето
Accs,для ранней осени; на весну-осень; на осень; на осень/весну; осень; теплую осень,осень-весна
Accs,для редких волос; на длинные волосы; тяжелый для тонких волос,для тонких волос
Accs,долговечная; долговечные,долговечный
Accs,дырок мало,мало отверстий
Accs,дышащий материал; дышит,дышащий
Accs,есть вышивка,с вышивкой
Accs,есть карман для карт; удобно для карточек,карманные для карточек
Accs,есть разводы,разводы соли
Accs,есть салфетка,салфетка в комплекте
Accs,есть тряпочка,с тряпочкой
Accs,есть шерсть; шерстяная; шерстяная подкладка; шерстяные,шерсть
Accs,жесткая нить для тачскрина,специальная нить для тачскрина
Accs,жесткая спереди; жёсткие поля,жесткие зоны
Accs,закрывает горло; лицо закрыто,шарф-маска
Accs,замша,замша/велюр
Accs,запах; запах резины; легкий запах; неприятный запах; появляется запах; приятный запах,запах материала
Accs,хорошая защита,защита глаз
Accs,защита от ветра; защита от солнца; защищают от солнца; легкая защита от солнца; недостаточная защита от солнца; слабая защита от солнца; хорошая защита от солнца,солнцезащита
Accs,идеально подходит; подходит в подарок; подходит для подарка; подходит на рост,подарочный вариант
Accs,идеально сидят; комфортно сидит; плотно сидит; сидит идеально; сидит не идеально; сидит отлично; сидит хорошо; удобно сидят; хорошо сидит; хорошо сидят,удобно сидит
Accs,изящные; изящный; эстетичная; эстетичный; эстетичный вид,изящный дизайн
Accs,качественная фурнитура; красивая фурнитура; неровная фурнитура,серебряная фурнитура
Accs,качественный пластик,пластик
Accs,качественный принт; оригинальный принт,яркий принт
Accs,классная форма; отличная форма; правильная форма; форма как надо; форма оправы подходит; хорошая форма,форма оправы
Accs,кожа разодрана; царапает кожу,повреждение кожи
Accs,коричневый цвет; черный цвет; чёрная; чёрные; чёрный,черно-коричневый
Accs,короткий козырёк; неглубокий козырёк; неудобный козырёк,маленький козырёк
Accs,красивая; красивое; красивые; красивый цвет; очаровательная; симпатичная; симпатичные; симпатичный,красивый
Accs,красивая упаковка; подарочная упаковка; презентабельная упаковка; простая упаковка; складывается в пакете; упаковка в комплекте; хорошая упаковка,фирменная упаковка
Accs,красивый рисунок; приятные; приятный материал; приятный рисунок; приятный цвет,приятный внешний вид
Accs,красит вещи; краска слезет; подтирается краска,отслаивается краска
Accs,креативный дизайн; четкий дизайн,оригинальный дизайн
Accs,крепкие спицы; много спиц,прочные спицы
Accs,крепление отвалилось; отвалился камень; отклеился камень; эмблема отвалилась,проблема с креплением
Accs,кривая линза; кривое крепление; кривые буквы,кривые детали
Accs,криво пришитый лейбл; шильдик криво,кривое крепление лейбла
Accs,лаконичный,лаконичный дизайн
Accs,легкая; легкие; легкое; лёгкая; лёгкие,легкий
Accs,легкая пряжка; лёгкая пряжка; металлическая пряжка; некачественная пряжка; пряжка разболталась; срывается пряжка,некачественная металлическая пряжка
Accs,летняя,летняя коллекция
Accs,ломается; сломалась крышка; штырек ломается,легко ломается
Accs,маркий,маркий материал
Accs,минималистичный дизайн,минималистичный
Accs,могут царапаться; может иметь дефекты,с дефектами
Accs,модная,модный
Accs,можно укоротить; можно утянуть,регулируемый
Accs,мягкая; мягкая кожа; мягкая ткань; мягкая шерсть; мягкие; мягкий; мягкое,мягкий материал
Accs,на ощупь приятная; привлекает внимание; приятная на ощупь; приятный на ощупь,тактильно приятный
Accs,надежная застежка; надежная фиксация; надежно держатся; надежно крепятся; надежный механизм; надёжная,надежная
Accs,натуральная замша; натуральная кожа; натуральная ткань,натуральный материал
Accs,не давит голову; не дерет волосы; не держат волосы; не жмёт голову; не потеет голова; не тянет волосы,комфортная посадка
Accs,не прилегают у запястья; не хватает резиночки; нет завязок; нет фирменного чехла,отсутствие креплений
Accs,не соответствует фото; несоответствие цвета; рисунок не линяет; цвет линз не соответствует; цвет не желтит,цвет не соответствует
Accs,невесомые,невесомый
Accs,неглубокая; неудобные; неудобный,непрактичные
Accs,нежные; нежный; нежный подкладочный материал; нежный цвет,нежный дизайн
Accs,некомфортная застежка; скрытая застёжка; слабая заклепка,проблемы с застежкой
Accs,фактурный,неоднородная фактура
Accs,неровный пошив; плохой шов; скрывается шов; швы неровные,неровные швы
Accs,неудобно одевать; сложно одевается; трудно снимать; тяжело менять размер,сложно использовать
Accs,неудовлетворительное качество; низкое качество материала; низкое качество пластика; плохое качество; плохое качество подвесок; ухудшенное качество,низкое качество
Accs,нравится детям; понравилась ребенку,детям нравится
Accs,объёмная,объемный
Accs,оригинал; оригинальная; оригинальные,оригинальный дизайн
Accs,оставляет след,следы на переносице
Accs,открытие с кнопки; фиксатор открытия,кнопка с фиксатором
Accs,отличный снэп; удобная застежка; удобная застёжка; удобная регулировка; удобный крабик,удобные крепления
Accs,отличный фасон,универсальный фасон
Accs,отображение дня,отображение даты
Accs,переливается,переливающаяся надпись
Accs,плотная; плотная кожа; плотная ткань; плотные; плотные стоперы; плотный; плотный пластик,плотный материал
Accs,плотно прилегают; хорошо прилегают,плотное прилегание
Accs,погнулись,поврежденные
Accs,подходят; подходят под любой образ,универсальные
Accs,поляризация хорошая,поляризация
Accs,потертости; появились потертости,сколы и потертости
Accs,правильное лекало; ровное лекало,точное лекало
Accs,практичная; прочная; прочная конструкция,прочный
Accs,приличный за деньги; приятная цена,цена-качество
Accs,пыльник в комплекте; собирает пыль,пылесборник
Accs,пятна,пятна после стирки
Accs,развязывается; растянулась,растягивается
Accs,размер соответствует; соответствует размеру; соответствует фото; цвет соответствует; цвет соответствует фото,соответствует описанию
Accs,регулировка длины; стандартная длина,универсальная длина
Accs,регулируемая; регулируемые дужки; регулируемые поля; регулируемый; регулируемый ремешок; регулируется,регулируемый размер
Accs,резинка отпечатывается; резинка регулировки; тянущаяся резинка,эластичная регулируемая резинка
Accs,с завязками; с махрушкой; с пайетками; с пыльником; с сеткой,элементы конструкции
Accs,с золотым цветом; цвет золото,золотой
Accs,синтетический материал,синтетика
Accs,скатывается; спадают,неплотная фиксация
Accs,средняя ширина,"ширина 1,8 см"
Accs,стильная; стильная модель; стильная оправа; стильное; стильные; стильный; стильный вид; стильный внешний вид,стильный дизайн
Accs,стирается; стираются очки,стирающиеся очки
Accs,темно-синий цвет; темный однотонный материал; цвет темнее фото,темный цвет
Accs,теплая; теплые; теплый; тёплая; тёплые,тёплый
Accs,тонкая; тонкая кожа; тонкая плащевка; тонкая подкладка; тонкая ткань; тонкие; тонкий металл; тонкий ремень; тонкий хлопок,тонкий
Accs,тяжеловат; тяжеловаты; тяжёлое; тяжёлые; тяжёлый,тяжелые
Accs,удобная; удобная в использовании; удобные; уютный,удобный
Accs,узенький; узкие; узкий,узкая оправа
Accs,универсальная; универсальная расцветка; универсальная ширина; универсальное; универсальные; универсальный образ; универсальный стиль; универсальный цвет,универсальный
Accs,утепленные; утончённый,стильное тепло
Accs,флисовая подкладка,флисовый
Accs,функциональная; функциональные; функциональный аксессуар,функциональный
Accs,хлопковая джинса; хлопковые,хлопок
Accs,хлюпкий механизм,хрупкий механизм
Accs,цвет держит; цветная,стойкая окраска
Accs,шелковая внутренняя отделка; шелковый,шелковая отделка
Accs,эластичная,эластичные
Accs,элегантные; элегантный вид,элегантный
Accs,эффектные; эффектный; эффектный вид; эффектный внешний вид,эффектный дизайн
Accs,яркая; яркие,яркий кристалл
Accs,внешний вид; приятный внешний вид; красивый; стильное тепло; функциональный; модный; удобный; надежная; непрактичные; супер; хорошо; нравится; рекомендую; ок; сильно; хороший; красивый; нормально; супер; хорошо; нравится; рекомендую; ок; сильно; хороший,
Accs,"маломерит; большемерит; в размер; великовата; универсальный размер; регулируемый размер; ширина 1,8 см; коротковатый; высокая; универсальные; универсальный; универсальная длина; универсальный фасон; подходит на 4 года; узковат в горловине; туговато на 2 оборота",
Accs,мягкий материал; мягкие,мягкий
Accs,тактильно приятный,приятная текстура
Accs,водостойкий; непромокаемая,водонепроницаемые
Accs,оригинальный дизайн; оригинальный дизайн,оригинальный дизайн
Accs,яркая нашивка,яркий принт
Accs,с тряпочкой,салфетка в комплекте
Bags,2 ремешка; два ремешка,два ремня
Bags,адский запах; выглядит как кожа; неприятный запах; пахнет кожей; присутствует запах; приятный запах; с запахом кожи; сильный запах; химический запах,запах
Bags,аккуратная; аккуратная работа; аккуратный,аккуратные строчки
Bags,аккуратная пошивка; аккуратно сделана; аккуратно сшита; выполнена аккуратно; упакована аккуратно; фурнитура аккуратно упакована,аккуратный пошив
Bags,аккуратная упаковка; детальная упаковка; достойная упаковка; подарочная упаковка; простая упаковка; хорошая упаковка,фирменная упаковка
Bags,аккуратные швы; идеальные швы; качественные швы; неаккуратные швы; неровные швы; рваные швы; хорошие швы; швы ровные; швы ужасные,ровные швы
Bags,актуальный цвет; благородный цвет; красивая; красивый; красивый цвет; насыщенный цвет; приятный цвет; приятный черный цвет; светлый; светлый цвет; теплый белый цвет; хороший цвет; цвет приглушённый; яркий акцентный цвет; яркий цвет,цвет
Bags,акцентный ремень; длинный ремень; есть длинный ремень; короткий ремень; короткий ремешок; ремень короткий; тканевый ремень; тяжёлый ремень,ремень
Bags,антик фурнитура; брендированная фурнитура; высокая фурнитура; добротная фурнитура; крупная фурнитура; нейтральная фурнитура; отличная фурнитура; пластиковая фурнитура; плохая фурнитура; приятная фурнитура; прочная фурнитура; серебристая фурнитура; серебряная фурнитура; фурнитура в цвет; фурнитура качественная; фурнитура отличная; фурнитура прочная; фурнитура хорошая; фурнитура царапается; хлипкая фурнитура; хорошая фурнитура; хорошее качество фурнитуры; цвет фурнитуры блекнет,качественная фурнитура
Bags,базовая расцветка,базовая
Bags,с бахромой,бахрома
Bags,без брака; возможен брак; может прийти с браком; с браком,брак возможен
Bags,без внутреннего мешка; без отделений; мало внутреннего места; нет внутренних отделений,без внутренних отделений
Bags,без внутренних карманов; без мелких карманов; внутренний карман без молнии; карман на молнии; кармашек на молнии; мало внутренних карманов; нет внешнего кармана; нет внутреннего кармана; нет внутренних карманов; нет карманов; нет карманов в кошельке; нет карманов на замке; нет кармашков,отсутствие карманов
Bags,без пыльника; нет пыльника; с пыльником,наличие пыльника
Bags,коричневый цвет,болотно-коричневый
Bags,большая; большой; большой объём; крупная; объемная; огромная; широкая,объемный
Bags,большой карман; внешние карманы; внешний карман; внутренние карманы; внутренний карман; внутренний карман с замком; глубокие карманы; два кармана; дополнительный карман; есть внутренний карман; карман с изоляцией; карман сзади; карманы в нужных местах; кармашек под замком; маленькие карманы; мелкие карманы; много карманов; много кармашков; наличие карманов; не глубокие карманы; несколько карманов; нефункциональные карманы; один внешний карман; один внутренний карман; один карман; плоские карманы; с карманами; с кармашком внутри; три кармана; удобные карманы; удобный в кармане; удобный карман; центральный карман,карманы разного типа
Bags,брак замка; брак креплений,брак фурнитуры
Bags,брелок для ключей; для телефона и ключей,для ключей и телефона
Bags,в пленке; защита пленкой,с защитной пленкой
Bags,весенний цвет,сезонные цвета
Bags,видна внутренняя отделка; внутренняя отделка хорошая,качественная внутренняя отделка
Bags,влезет мелочь; для мелочей; отделения для мелочей,отсеки для мелочей
Bags,вместимая; вместительные; вместительный,вместительная
Bags,внутренняя клеенка,внутренняя подкладка
Bags,водоотталкивающая ткань; водоотталкивающий; водостойкая ткань,водоотталкивающий материал
Bags,выглядит дешево; дешево выглядит; дешевый вид; дешёвый вид; дешёвый материал; дешёвый полиэстр; дорого выглядит; дорого смотрится,внешний вид сумки
Bags,выгодная цветовая гамма; выгодная цена,выгодное предложение
Bags,выдерживает вес; цепочка выдерживает вес,прочная цепочка
Bags,высокое качество; качественная; качественная сборка; качественно выполнена; качественно сделана; качественное изготовление; качественный; качественный материал; отличное качество; хорошая; хорошее качество; хорошее качество за цену; хорошее состояние; хороший материал,качественные материалы
Bags,высокое качество пошива; добротно прошита; качественная пошивка; качественная прошивка; качественно пошита; качественно прошита; качественно сшит; качественно сшита; прочный пошив; хорошая пошивка; хороший пошив; хорошо прошит; хорошо прошита; хорошо сшит; хорошо сшита,качественный пошив
Bags,выцвели подклад; есть подкладка; качественная подкладка; милая подкладка; приятная подкладка; приятный подклад; розовая подкладка; с подкладом; светлая подкладка; черная подкладка; эффектная подкладка,подкладка
Bags,гладкая,гладкая кожа
Bags,грубоватый,грубая
Bags,грубая кожа; деликатная кожа; жёсткая кожа; зернистая кожа; искусственная кожа; качественная кожа; кожа волнами; кожа отличная; кожа приятная; кожа хорошего качества; кожаная; кожаный; кожаный ремешок; красящаяся кожа; лаковая кожа; нежная кожа; отличная кожа; приятная кожа; приятное качество кожи; сморщенная кожа; упругая кожа; хорошая кожа,кожа
Bags,два отделения; деление на отделения; достаточно отделений; много отделений; много отделов; одно отделение,с отделениями
Bags,декоративный; подарочная; портативная,подарочная сумка
Bags,не держит форму; ремешок не держит форму; сохраняет форму; форма теряется; форму держит; форму держит плохо; форму не держит; хорошо держит форму,держит форму
Bags,немного детская,детская
Bags,дефект кожи; дефект ткани; плохое качество ткани,дефект материала
Bags,для зимней носки; для холодного времени года,зимний
Bags,для карт; карманы для карт,картхолдер
Bags,для лета; летний вариант; на лето,летняя
Bags,для миниатюрных; миниатюрная; миниатюрный; минималистичная; минималистичный дизайн,минимализм
Bags,дно из кожзама; жёсткое дно; круглое дно; мягкое дно; проваливающееся дно; широкое дно,характеристики дна
Bags,долговечная,долговечный
Bags,ежедневного ношения; повседневная,ежедневное
Bags,есть вмятина; образуются вмятины,вмятины возможны
Bags,есть дефекты; есть царапины; наличие царапин; царапается,с царапинами
Bags,есть ножки,функциональные ножки
Bags,есть пыльник; пыльник; пыльник в комплекте; пыльник для хранения; требуется пыльник; фирменный пыльник,пыльник для сумок
Bags,жалкий вид; неопрятный вид,неаккуратный вид
Bags,железный замок; качественная замша; качественные замки; мягкий замок; надежные замки; надежный замок; простой замок; удобные замки,металлический замок
Bags,желтоватый оттенок; отличный оттенок,желтоватый
Bags,женственный дизайн; интересный дизайн; качественный дизайн; красивый дизайн; лаконичный дизайн; необычный дизайн; оригинальный дизайн; прикольный дизайн; современный дизайн; строгий дизайн; яркий дизайн,разнообразный дизайн
Bags,жестковата; жестковатая; жестковатая ткань; жёсткая,жесткая
Bags,жесткий каркас; прочный каркас,жёсткий каркас
Bags,заедает замок; заедает клапан,заедание застёжек
Bags,заедает молния; ломаются молнии; молния заедает; молния отрывается; не заедает молния,проблемы с молнией
Bags,закрывается на клапан с кнопкой; закрывается на магнит; закрывается на магните; клапан не закрывается; надпись закрывается,магнитная застежка
Bags,заломы на коже; заломы при открывании; с заломами; складывается залом,заломы кожи
Bags,замок ломается; ненадежный замок; плохо застегивается замок; повреждается замок,сломанный замок
Bags,идеальный размер; оптимальный размер; среднего размера,средний размер
Bags,из плащевки,плащевка
Bags,износостойкая; износоустойчивая текстура; мягкая текстура; неравномерная текстура; приятная текстура,текстура
Bags,интересная модель; красивая модель,оригинальный дизайн
Bags,качественная молния; качественные молнии; металлическая молния; молнии в порядке; молнии работают хорошо; надежная молния; плавные молнии; позолоченная молния; порванная молния; рабочие молнии; удобные молнии; хорошие молнии,надежные молнии
Bags,качественная ткань; качественные нитки; качественный текстиль; натуральная кожа; натуральная ткань; хорошая ткань; хороший текстиль,высококачественные материалы
Bags,качество на высоте; размер на высоте; цвет на высоте,соответствует описанию
Bags,классическая; классическая форма; классический цвет; классное качество; классный цвет; размер классный,классика
Bags,кожа мягк.; мягкая; мягкая кожа; мягкая структура; мягкие; мягкие подушки; мягкий,мягкий материал
Bags,короткие лямки; лямки спускаются; мягкие лямки; тонкие лямки; удобные лямки; широкая лямка; широкие лямки,конструкция лямок
Bags,краска сползает; облезает; облезает кожа; облупляется покрытие,повреждение поверхности
Bags,крепкая; крепкая кожа; крепкая ткань; крепкие веревки; крепкий; крепкий корпус; крепкий материал; прочные корпуса,прочный
Bags,кривая форма; криво сшита; кривой шов,кривой пошив
Bags,крохотная; крутая,мини-сумка
Bags,лакированная; лаконичная форма; лаконичный вид,лаконичная
Bags,липнет к одежде; липнет к рукам,липнет при ношении
Bags,липнет пыль; собирает пыль,пыль пристает
Bags,лямка не фиксируется; не регулируется ремешок; не регулируется ручка; нет ремня; неудобная застежка; неудобная ручка; неудобный ремешок,неудобное крепление
Bags,лёгкая конструкция; продуманная конструкция,удобная конструкция
Bags,малая вместительность; маленькая вместимость; маленькая вместительность; маленький; мелкая; миленькая; небольшая; небольшая вместительная; небольшая вместительность; небольшой; небольшой размер,маленькая
Bags,материал пригоден для стирки; можно протирать,можно стирать
Bags,многофункциональная; функциональная; функциональный,многофункциональный
Bags,молочный цвет; цвет холодный,холодный молочный
Bags,мягкая спинка; укреплённая спинка,усиленная спинка
Bags,на замке; с отделением на замке,замок на отделении
Bags,носить через плечо,на плечо
Bags,на пояс носить; носится по-разному; носить на поясе,на поясе
Bags,надежная застежка; надежные аксессуары; надежный,надежная
Bags,наличие магнита; с магнитной кнопкой; удобная магнитная фиксация,магнитная фиксация
Bags,нарядная; нарядный ремешок,нарядная сумка
Bags,не закрывается; плохо закрывается; плохо откидывается,проблемы с закрытием
Bags,не маркая; цвет не маркий,не маркий
Bags,некачественная сборка; некачественный клей; несоответствие качества; плохое качество,низкое качество
Bags,ненадежные крепления; низкая прочность,слабые крепления
Bags,непромокаемая ткань; непромокаемый материал,непромокаемый
Bags,нерегулируемый ремень; регулируемый ремень; регулируемый ремешок,регулируемая лямка
Bags,нитки полезли; с торчащей ниткой; с торчащими нитками; сыплются нити,торчащие нитки
Bags,ограниченная вместительность; ограниченная внутренняя организация,ограниченная вместимость
Bags,отваливаются детали; отслаиваются детали,отделение деталей
Bags,отдел для обуви; отделение для ноута; отделение для ноутбука; отделение для обуви,функциональные отсеки
Bags,отдел под ноутбук; отдел под планшет,отдел под гаджеты
Bags,отдельный органайзер; с органайзером,органайзер для сумки
Bags,пряжка на ручке,пластмассовая пряжка
Bags,плотная; плотная джинса; плотная кожа; плотная ткань; плотное дно; плотный подклад,плотный материал
Bags,повреждения при доставке; упаковка повреждена,повреждение при доставке
Bags,подходит для кэжуала; подходит для работы,универсальная сумка
Bags,подходит под телефон; помещается телефон,совместимость с телефоном
Bags,позитивный образ; презентабельный; эффектная; эффектная расцветка,эффектный дизайн
Bags,покарябана застежка; тугая застежка; туго затягивается,проблемы с застежкой
Bags,практичная; практичный; прочная; прочная кожа; прочная ткань; прочный материал,прочный
Bags,проблемы с замком; проблемы с застежкой; проблемы с застёжкой; проблемы с креплениями; проблемы с принтом; проблемы с прочностью; проблемы с ручками; проблемы с тесьмой; проблемы со швами; сложная застёжка; сложности с застёжкой,конструкционные дефекты
Bags,просто складывается,складной
Bags,пятна на дне; пятна от жидкости; пятна после дождя,водные пятна
Bags,регулируемая глубина; регулируемая форма; регулируется; с регулировкой размера,регулируемый размер
Bags,ровные строчки,ровный пошив
Bags,ручки-трансформеры,трансформер
Bags,с брелоком; с косметичкой; с кошельком,с аксессуарами
Bags,с узором; узкая,узкая с узором
Bags,сделана в китае; ярлычок made in china,сделано в китае
Bags,серо-оливковый цвет; цвет серый,серо-оливковый
Bags,скрипит; скрипучий материал,скрип материала
Bags,скромный дизайн; скромный размер,минималистичная
Bags,смотрится стильно; стилевая; стильная; стильный; стильный внешний вид; стильный дизайн; эстетичный; эстетичный вид; эстетичный дизайн,эстетичная
Bags,спортивная; спортивный,спортивный стиль
Bags,твердая; твердая структура,жесткая
Bags,темный цвет; темный шоколад; шоколадный цвет,темно-шоколадный
Bags,тонкий; тонкий материал; тонкий ремешок,тонкий ремень
Bags,тяжеловатая; тяжёлая,тяжелая
Bags,тяжелая цепь; цепочка тонкая; цепь разъединяется; яркая цепь,цепь
Bags,удобная; удобная на плече; удобная при носке; удобная раскладка; удобная регулировка; удобная ручка; удобно носить; удобные габариты; удобные ремешки; удобный; удобный в носке; удобный пояс; удобный ремень,удобная носка
Bags,удобная в поездках; удобно в дороге,удобная в дороге
Bags,удобно сел по спине; хорошая посадка на спине,удобная посадка
Bags,универсальная; универсальные; универсальные цвета; универсальный дизайн; универсальный стиль; универсальный фасон; универсальный цвет; цвет универсальный,универсальный
Bags,фиксатор ремня; фиксирующие ремни,фиксаторы ремней
Bags,цвет: розовый; цвет: черный,цвет: розово-черный
Bags,черная; черный цвет,черный
Bags,эко-кожа,экокожа
Bags,элегантная; элегантная форма,элегантный дизайн
Bags,аккуратные строчки; аккуратный пошив; ровные швы,аккуратный пошив
Bags,качественные материалы; высококачественные материалы,высококачественные материалы
Bags,жесткая; жёсткий каркас,жесткая конструкция
Bags,заедание застёжек; проблемы с молнией; проблемы с застежкой,проблемы с застежкой
Bags,удобная носка; удобная в дороге; удобная посадка,удобная конструкция
Bags,металлический замок; серебристый замок,металлический замок
Bags,не маркий; немаркий материал,немаркий
Bags,минимализм; минималистичная,минималистичная
Bags,кожзам; кожзаменитель; заменитель кожи; экокожа,кожзаменитель
Bags,внутренняя подкладка; качественная внутренняя отделка,внутренняя подкладка
Bags,карманы разного типа; отсеки для мелочей; функциональные отсеки; секретные отделы,многофункциональные отсеки
Bags,для девочки 10 лет; детская,детская
Bags,для ноутбука 17; перегородка для ноутбука; нет крепления для ноутбука,для ноутбука
Bags,сделано в китае; китайское производство,китайское производство
Bags,слабые крепления; крепление ремешка слабое,слабые крепления
Bags,плотный материал; прочный,плотный материал
Bags,широкое открытие; объемный,объемный дизайн
Bags,удалённый1; удалённый2,
Beauty_Accs,spf защита; хорошая spf защита; эффективная защита spf,высокий spf
Beauty_Accs,активный спирт; есть спирт; отдает спиртом; спирт в составе,содержит спирт
Beauty_Accs,ананасовый вкус; апельсиновый вкус,фруктовый вкус
Beauty_Accs,аромат барбершопа; аромат клюквы; аромат кокоса; аромат свежести; ароматная; ароматный; бодрящий аромат; вкусный аромат; волшебный аромат; восхитительный аромат; выраженный аромат; длительный аромат; знакомый аромат; изысканный аромат; интересный аромат; клюквенный аромат; медовый аромат; мятный аромат; навязчивый аромат; насыщенный аромат; нежный аромат; нежный аромат вишни; новогодний аромат; освежающий аромат; повседневный аромат; превосходный аромат; приятные ароматы; приятный аромат; приятный шоколадный аромат; с приятным ароматом; свежий аромат; сладкий аромат; сладковатый аромат; травяной аромат; травяной запах; фруктовый аромат; цветочно-травяной аромат; цветочный аромат; цитрусовый аромат; шикарный аромат; яркий аромат,аромат на любителя
Beauty_Accs,аромат быстро улетучивается; эмульсия с ароматом; эмульсия увлажняет,ароматная увлажняющая эмульсия
Beauty_Accs,аромат не мой; без ароматизаторов; без выраженного аромата; без резкого запаха; без яркого запаха; не навязчивый аромат; не насыщенный аромат; не перебивает парфюм; не резкий аромат; не стойкий аромат; нестойкий аромат; нет химического запаха; практически без запаха,без запаха
Beauty_Accs,запах розы,аромат розы и трав
Beauty_Accs,качественные кремы; качественный крем,базовый крем
Beauty_Accs,бальзам для губ эффективный; бальзам с оттенком,бальзам с оттенком и уходом
Beauty_Accs,бархатистая кожа; для атопичной кожи; для дерматичной кожи; для жирной кожи; для зрелой кожи; для комбинированной кожи; для обезвоженной кожи; для пористой кожи; для проблемной кожи; для светлой кожи; для светлокожих; для сухой кожи; для толстой кожи; для чувствительной кожи; истончает кожу; кожа напитанная; кожа сияет; кожа стягивается; напитанная кожа; нежная кожа; обновляет кожу; окрашивает кожу; подсушивает кожу; подтягивает кожу; подходит для комби кожи; подходит для комбинированной кожи; подходит для молодой кожи; подходит для оливковой кожи; подходит для проблемной кожи; подходит для сухой кожи; помогает при проблемной коже; притупляется на коже; разглаживают кожу; сияющая кожа; увлажняет кожу; увлажняют кожу; увлажнённая кожа; улучшает состояние кожи; улучшает текстуру кожи; успокаивает кожу; ухоженная кожа; эффективен на жирной коже,для всех типов кожи
Beauty_Accs,бархатистая текстура; водянистая текстура; жидкая текстура; классическая текстура; комфортная текстура; кремовая текстура; легкая текстура; липкая текстура; лёгкая текстура; масленая текстура; масляная текстура; маслянистая текстура; мягкая текстура; невесомая текстура; нежная текстура; ощутимая текстура; приятная текстура; прозрачная текстура; пыльная текстура; средняя текстура; суховатая текстура; текстура норм; хорошая текстура; шелковая текстура,текстура
Beauty_Accs,бархатное ощущение; бархатное покрытие,бархатный эффект
Beauty_Accs,бежево-коричневый цвет; коричневая; коричневый оттенок; светло-коричневая,коричневый
Beauty_Accs,без аллергии; без высыпаний; без увлажнения; волосы не путаются; высыпаний нет; не блестит на жирной коже; не водянистый; не вонючий; не впитывается; не выбеливает; не выдергивает; не выдирает волосы; не вызывает аллергии; не вызывает аллергию; не вызывает выпадения; не вызывает высыпаний; не вызывает дискомфорта; не вызывает прыщи; не вызывает раздражение; не вызывает раздражения; не вызывает сальности; не вызывают аллергии; не вызывают раздражения; не вырывает волосы с корнем; не грязнит; не дергает волосы; не дерет волосы; не дерет по рту; не для проблемной кожи; не для чувствительной кожи; не желтит; не жжёт глаза; не жидкая консистенция; не жидкий; не жирнит волосы; не жирные волосы; не забивает поры; не закупоривает поры; не клейкая; не колет кожу; не комкуется; не крошится; не липкая; не липкие; не липкий; не липкое; не липнет; не лоснится; не мажет; не мажется; не масляная текстура; не мылится; не навязчивый; не образует комедонов; не оставляет блеск; не оставляет жирного налета; не оставляет жирности; не оставляет пленки; не оставляет пятен; не оставляет следов; не оставляет следы; не отбеливает; не отпечатывается; не ощущается на коже; не пересушивает; не подходит для жирной кожи; не подходит для лица; не подчеркивает изъяны; не прилизывает; не путается; не путаются; не пушатся; не пылят; не раздражает; не раздражает кожу; не размазывается; не растекается; не рвет волосы; не склеивает; не склеивает волосы; не склеивает губы; не склеивает ресницы; не смывает тушь; не смягчает бритье; не собирается; не создаёт жирного блеска; не создаёт жирную плёнку; не создаёт корку; не соскальзывают; не сползают; не стойкая; не стойкий; не стягивает; не стягивает кожу; не сушат кожу; не сушит; не сушит волосы; не сушит губы; не сушит кожу; не сыпется; не термозащита; не течет; не течёт; не травмирует десны; не трескается; не увлажняет; не утяжеляет; не утяжеляет волосы; не царапает; не царапает кожу; не царапает кожу головы; не чувствуется на коже; не шелушит кожу; не щиплет; не щиплет глаза; не яркие; нестойкая; нет абразивных частичек; нет аллергии; нет липкости; нет пленки; нет стянутости; нет увлажнения; пенка не сушит,гипоаллергенный
Beauty_Accs,без дозатора; дозатор не работает; неудобный дозатор; с дозатором; сломан дозатор,дозатор
Beauty_Accs,без жирного блеска; без комочков; без липкого слоя; без липкости; без налёта; без объёма; без осветления; без отбеливания; без отдушек; без ощущения тяжести; без паучьих лапок; без подтеков; без пятен; без пятен на коже; без разводов; без раздражения; без склеивания; без сухости; без эффекта маски; без эффекта панды; блеск без объема; не пятнит,без нежелательных эффектов
Beauty_Accs,не рыжий,без рыжины
Beauty_Accs,безопасные для десен; для чувствительных десен; для чувствительных зубов; подходит для чувствительных глаз; подходит чувствительным губам,для чувствительных зон
Beauty_Accs,белит зубы; белоснежные зубы,отбеливание зубов
Beauty_Accs,бережно очищает; бережное очищение; деликатно очищает; деликатно очищают; деликатно тонирует; деликатное очищение; качественное очищение; мягко очищает; нежно очищает; неплохо очищает; пенка бережно очищает; превосходная чистка; хорошо очищает; хорошо чистит; эффективная очистка; эффективно очищает; эффективно убирает запах; эффективно чистит; эффективный для чистки; эффективный уход,эффективное очищение
Beauty_Accs,бережный пилинг; домашний пилинг,мягкий пилинг
Beauty_Accs,блеск волос; блеск волосам; блестящие волосы; волосы блестят; волосы мягкие; волосы мягче; волосы послушные; восстанавливает волосы; вырывает волосы; делает волосы мягкими; здоровый вид волос; мягкие волосы; мягкость волос; напитанные волосы; послушные волосы; приплюснутые волосы; пропитывает волосы; пушистые волосы; разглаживает волосы; распутывает волосы; рассыпчатость волос; рассыпчатые волосы; расчесывает мокрые волосы; склеивает волосы; спутанные волосы; увеличивает объем волос; увлажненные волосы; увлажняет волосы; улучшает плотность волос; уплотняет волос; уплотняет волосы; утяжеляет волосы; ухоженные волосы; шикарные волосы; эластичные волосы,уход за волосами
Beauty_Accs,блеск кожи; качественный блеск; легкий блеск; лёгкий блеск; нежный блеск; отличный блеск; эффект блеска; яркий блеск,блеск
Beauty_Accs,блестит,блестит на лице
Beauty_Accs,блестки остаются; с блёстками; содержит блестки; содержит блёстки,с блестками
Beauty_Accs,блестящий,блестящие тени
Beauty_Accs,большой объем; дает объем; даёт объём; добавляет объем; объёмный; придает объем; придаёт объем; создает объем; увеличивает объем,объем
Beauty_Accs,большой расход; высокий расход; малый расход; минимальный расход; небольшой расход; расход маленький; средний расход; умеренный расход; экономичный расход; экономный расход,уровень расхода
Beauty_Accs,борется с высыпаниями; борется с шелушениями,для проблемной кожи
Beauty_Accs,быстро пенится; легко пенится; мало пенится; не пенится; плохо пенится; слабо пенится; хорошо пенит; хорошо пенится,пенится
Beauty_Accs,бюджетная; бюджетные тени; бюджетный уход,бюджетный
Beauty_Accs,виден на лице; виден результат,заметный эффект
Beauty_Accs,видимый эффект; выраженный эффект; глянцевый эффект; мерцающий эффект; невидимый эффект; ноль эффекта; освежающий эффект; ощутимый эффект; приятный эффект; регулярный эффект; слабый эффект; согревающий эффект; спорый эффект; эффект есть; эффект проявляется постепенно; эффект разный,разные эффекты
Beauty_Accs,вкусно пахнет; вкусный запах; детский запах; запах колы; запах старой помады; оригинальный запах; приторный запах; приятный вкус; приятный запах; простой запах; пряный запах; с ванильным запахом; с запахом; свежий запах; сильный аромат; сильный запах; сладкий вкус; сладкий запах; советский запах; средства с приятным запахом; старый запах; супер запах; чудесный запах; шоколадный запах,ароматный
Beauty_Accs,водянистая консистенция; восковая консистенция; густая консистенция; жидкая консистенция; кремовая консистенция; лёгкая консистенция; маслянистая консистенция; нежная консистенция; отличная консистенция; плотная консистенция; приятная консистенция; хорошая консистенция,консистенция
Beauty_Accs,волосы плотнее; плотная; плотная структура; плотная текстура; плотное нанесение; плотное перекрытие; плотность волос; плотные; плотные волоски; плотный; плотный гель; плотный крем; плотный цвет,плотность
Beauty_Accs,волосы чистые дольше; долго чистые; долго чистые волосы; чистота надолго,долгая чистота волос
Beauty_Accs,восстанавливает; восстанавливающая,восстанавливающий
Beauty_Accs,восстанавливает губы; для сухих губ; здоровый вид губ; комфорт на губах; питает губы; смягчает губы; сушит губы; тает на губах; увлажняет губы; цвет на губах,уход за губами
Beauty_Accs,впитывается полностью; легко впитывается; напитывает; напитывает кожу; напитывающая; полностью впитывается; средне впитывается; хорошо впитывается,напитывающий
Beauty_Accs,выбеливает; заживляет; обеззараживает; облупливается; отбеливает,отбеливает ногти
Beauty_Accs,выветривается; стирается,временный
Beauty_Accs,выгодная цена; выгодный комплект,выгодные комплекты
Beauty_Accs,вызывает аллергию; для аллергиков; может вызывать аллергию; подходит при аллергии,гипоаллергенный
Beauty_Accs,вызывает зуд; вызывает зуд кожи; вызывает зуд кожи головы; вызывает прыщи у некоторых; вызывает прыщики,аллергическая реакция
Beauty_Accs,вызывает пигментацию; мало пигмента; не пигментирует; осветляет пигментацию; против пигментации; работает на пигментацию,контроль пигментации
Beauty_Accs,выравнивает кожу; выравнивает тон; выравнивает цвет лица; выравнивание тона,выравнивает тон кожи
Beauty_Accs,высветляет пятна; осветляет пост акне; оставляет пятна; помогает при пятнах,устраняет пятна
Beauty_Accs,высокая эффективность; индивидуальная эффективность; положительный результат; положительный эффект; средняя эффективность; эффективен; эффективная; эффективные; эффективный,эффективность
Beauty_Accs,качество на высоте; неплохое качество; отличное качество; хорошее качество,высокое качество
Beauty_Accs,гелевая структура,гелевая текстура
Beauty_Accs,гель сушит; сушит волосы; сушит кожу,сушащий гель
Beauty_Accs,гипоаллергенная,гипоаллергенный
Beauty_Accs,гладкая кожа; гладкие волосы,гладкость кожи
Beauty_Accs,густая щетина; густой,густой гель
Beauty_Accs,дает блеск; дает сияние кожи; добавляет блеск; придает блеск; придает сияние,сияние
Beauty_Accs,делает кожу мягкой; мягкая; мягкая кожа; мягкая формула; мягкие; мягкий; мягкий аромат; мягкий запах; мягкий состав; мягкий шампунь; мягкое; мягкое действие; мягкое очищение; мягкое средство; очень мягкий; придает мягкость,мягкость кожи
Beauty_Accs,деликатный перелив; красивый перелив,перелив
Beauty_Accs,держит объем; держит укладку; держит форму; держится без сколов; не держит укладку,фиксация прически
Beauty_Accs,держится весь день; держится целый день; для ежедневного использования; ежедневное использование; подходит для ежедневного использования; подходит для постоянного использования; подходит ежедневно; подходит на каждый день; фиксирует весь день,длительного действия
Beauty_Accs,держится до недели; держится долго; долго высыхает; долго держатся; долго держит; долго держит укладку; долго держится на одежде; долго не выветривается; долго сохнет; хватает надолго,долго держится
Beauty_Accs,длительная свежесть; кожа свежая; свежее дыхание; свежее ощущение; свежесть кожи; свежесть после; свежий вид,свежесть
Beauty_Accs,длительная фиксация; подвижная фиксация,гибкая фиксация
Beauty_Accs,длительного действия; длительное действие; длительное использование; для длительного применения; долгий опыт использования; долгий процесс; долгий расход; долгий эффект; долго расходуется; долговременное использование; долгосрочное использование,долговременный эффект
Beauty_Accs,для бровей и ресниц; для влажных волос; для волнистых волос; для всех типов волос; для густых бровей; для густых волос; для длинных волос; для жирных волос; для запутанных волос; для кудрявых волос; для мокрых волос; для обесцвеченных волос; для окрашенных волос; для осветленных волос; для повреждённых волос; для пористых волос; для светлых волос; для сухих волос; для тонких волос; эффективна для бровей; эффективна для ресниц,для волос и бровей
Beauty_Accs,для детей; для подростков; подходит детям,для всей семьи
Beauty_Accs,для ночного использования; для ночного ухода; удобна для утреннего использования,для домашнего ухода
Beauty_Accs,для послеакне; при акне,антиакне
Beauty_Accs,долгое увлажнение; легкое увлажнение; низкое увлажнение; освежает; освежает дыхание; освежает кожу; освежает лицо; освежает полость; освежает рот; освежает цвет лица; освежают кожу; освежающая; освежающие; освежающий; осветляет; отлично увлажняет; отличное увлажнение; очищает кожу; увлажнение; увлажняет; увлажняет хорошо; увлажняющая; увлажняющие; увлажняющий; увлажняющий крем; увлажняющий эффект; умеренное увлажнение; хорошее увлажнение; хорошо увлажняет,освежающее увлажнение
Beauty_Accs,естественное окрашивание; естественный блеск; естественный вид; естественный цвет; естественный эффект; натуральный вид; натуральный состав; натуральный цвет; цвет натуральный,натуральный эффект
Beauty_Accs,естественный оттенок; желтоватый оттенок; красивый оттенок; красноватый оттенок; красный оттенок; молочный оттенок; натуральный оттенок; нежно-персиковый оттенок; нежно-розовый оттенок; нежный оттенок; несмываемый оттенок; нюдовый оттенок; отличный оттенок; перламутровый оттенок; персиковый оттенок; приятный оттенок; розовый оттенок; серый оттенок; яркий оттенок,пастельный оттенок
Beauty_Accs,есть аналоги; есть версии,разные варианты
Beauty_Accs,желтит кожу; светлит кожу,осветление кожи
Beauty_Accs,жесткие зубчики; жесткие зубья; мягкие зубцы; мягкие зубья,разная жесткость
Beauty_Accs,жидкая основа; жидковат; жидкое масло,жидковатый
Beauty_Accs,жирная; жирная кожа век; жирная текстура; жирный крем; жирный слой; контроль жирности,жирный
Beauty_Accs,жирноват,жирноватая формула
Beauty_Accs,запах жасмина; запах женьшеня,аромат жасмина и женьшеня
Beauty_Accs,защита от uv; защита от утюжка,многоуровневая защита
Beauty_Accs,защищает от солнца; с защитой от солнца; хорошо защищает от солнца,защита от солнца
Beauty_Accs,защитный колпачек; качественная защита; хорошая защита; эффективная защита,защитный колпачок
Beauty_Accs,используется как скатка; работает как скраб; создает скатки,средство для удаления скаток
Beauty_Accs,маска хорошая; эффективная маска,качественная маска
Beauty_Accs,компактная,компактный размер
Beauty_Accs,комплиментарный; рекомендуемая,рекомендуемый
Beauty_Accs,комфорт в использовании; комфорт на коже; комфорт под макияж,комфортный
Beauty_Accs,косметика ложится хорошо; красиво выглядит; красиво ложится; красиво переливается; ложатся хорошо; отлично фиксирует; удобно держать; укладывается хорошо; хорошая растушевка; хорошее питание; хорошее распыление; хорошее средство; хорошо воспринимается кожей; хорошо вычищает; хорошо держатся; хорошо держит; хорошо держится; хорошо ложится; хорошо маскирует; хорошо матирует; хорошо мылится; хорошо питает; хорошо прокрашивает; хорошо прокрашивается; хорошо промывает; хорошо промывается; хорошо пропитаны; хорошо работает; хорошо распределяется; хорошо распутывает; хорошо распыляется; хорошо растушевывается; хорошо расчесывает; хорошо смывает; хорошо смывается; хорошо тушуется; хорошо тушуются; хорошо фиксирует; хорошо фиксирует брови; хорошо фиксируются,хорошая фиксация
Beauty_Accs,красивый флакон; объемный флакон; пластиковый флакон; течёт из флакона; удобный флакон,эстетичный флакон
Beauty_Accs,крем с неприятным запахом; неприятный запах через несколько часов,неприятный запах со временем
Beauty_Accs,крем требует 2 слоев; несколько слоев; требует двух слоев,многослойное нанесение
Beauty_Accs,крышка ломается; ломаются насадки,проблемы с крышкой
Beauty_Accs,легкая; легкая ваниль; легкая липкость; легкая отдушка; легкий аромат; легкий гель; легкий запах; легкий крем; легкий оттенок; легкий слой; легкий флюид; легкое масло; легкое пощипывание; легкое распыление; легкое свечение; лёгкий; лёгкий аромат; лёгкий запах; с легким ароматом,легкий
Beauty_Accs,легкая пена; мягкая пена; обильная пена,нежная пена
Beauty_Accs,легко моется; легко наносится; легко наносить; легко наносятся; легко расчесывает; легко расчесывается; легко расчесывать; легко расчесываются; легко смешивается; легко смывается; легко тушуется; легко ухаживать; легко чистится; смывается легко; удобно наносится; удобно наносить; хорошо наносится; хорошо наносятся,легко использовать
Beauty_Accs,легко носить с собой; удобно брать с собой,портативный
Beauty_Accs,легкое сияние; сильное сияние; сияющий finish,сияющий
Beauty_Accs,летний аромат; летний цвет,летняя
Beauty_Accs,липкий слой; липкое ощущение; небольшая липкость; слегка липкий,липкий
Beauty_Accs,лифтинг эффект; лифтинг-эффект слабый,лифтинг-эффект
Beauty_Accs,лицо дышит; чистит лицо,очищение лица
Beauty_Accs,ложится полосами; неровно ложится; хуже ложится,неровное нанесение
Beauty_Accs,ложится ровно; наносится равномерно; наносится ровно; равномерно ложится; равномерно растушевываются; ровно ложится при аккуратном нанесении,равномерное нанесение
Beauty_Accs,лёгкая формула; сбалансированная формула; твердая формула,формула
Beauty_Accs,лёгкое покрытие; среднее покрытие; стойкое покрытие; умеренное покрытие; хорошее покрытие,регулируемое покрытие
Beauty_Accs,маленький; маленький объем; маленький формат; мини формат; небольшой размер,маленький размер
Beauty_Accs,мало продукта; мало эффекта; нет эффекта; неэффективный скраб,неэффективный
Beauty_Accs,маловыразительный цвет; насыщенный цвет; насыщенный черный цвет; несоответствие цвета; цвет неестественный; черный цвет,насыщенный черный
Beauty_Accs,перекрывает покраснения; скрывает покраснения; снимает покраснения,маскирует покраснения
Beauty_Accs,массажирует голову; массажная; массажный эффект; приятный массаж,массаж головы
Beauty_Accs,матирующая; матирующий; матовая; матовые оттенки; матовый состав,матовый
Beauty_Accs,мелкая текстура; мелкая фракция; мелкие блестки,мелкий помол
Beauty_Accs,ментоловый эффект,мягкий ментол
Beauty_Accs,меняет цвет со временем; светлеют через час,светлеющий со временем
Beauty_Accs,миниатюрная; миниатюры,миниатюрный
Beauty_Accs,много сыворотки; сыворотки много; эффективная сыворотка,увлажняющая сыворотка
Beauty_Accs,может подсушивать; подсвечивает; подсвечивает хорошо; подсушивает; подсушивающий,подсушка с подсветкой
Beauty_Accs,мужской запах,мужской аромат
Beauty_Accs,слабый мятный вкус; ядрёный вкус,мятный вкус
Beauty_Accs,надежная ручка; удобная ручка,эргономичная ручка
Beauty_Accs,наличие шлейфа; шлейф слабый,слабый шлейф
Beauty_Accs,натуральный пигмент; пигментированный; плотный пигмент; хороший пигмент,хорошая пигментация
Beauty_Accs,не всегда защищает от пота; не очень защищает от пота,недостаточная защита от пота
Beauty_Accs,не выдерживает жару; не очень эффективен в жару; плавит на жаре,неустойчив к жаре
Beauty_Accs,не забивается в складки; помещается в сумочку,компактно складывается
Beauty_Accs,не липнет после высыхания; подходит после депиляции,после депиляции
Beauty_Accs,не окисляется; окисляется,нержавеющий
Beauty_Accs,не очень плотные; не плотный; недостаточно плотный; цвет не плотный,недостаточная плотность
Beauty_Accs,не промывает хорошо; неприятно тянется; неудобно держать; плохо держит; плохо наслаивается; плохо промывает; плохо распределяется; плохо расчесывает; плохо точится; плохо фиксирует; слабая насыщенность; слабая фиксация; слабо фиксирует,плохая эффективность
Beauty_Accs,не требует базы; не требует бальзам; не требует длительного выдерживания; не требует смывания,без предварительной подготовки
Beauty_Accs,невесомый; невидимый,невидимое покрытие
Beauty_Accs,нежирная формула; нежирные,нежирный
Beauty_Accs,нежная; нежная пенка; нежный; нежный вид; нежный цвет,нежная текстура
Beauty_Accs,нейтральные оттенки; нейтральный аромат; нейтральный вкус; нейтральный запах; нейтральный оттенок; нейтральный цвет; нейтральный эффект; с нейтральным запахом,нейтральные
Beauty_Accs,неприятное ощущение скрежета; раздражает кожу при неправильном использовании,дискомфорт при использовании
Beauty_Accs,неудобный колпачок,несмываемое средство
Beauty_Accs,хорошее восстановление,ночное восстановление
Beauty_Accs,объемные волосы; объемные губы,объем
Beauty_Accs,оптимальная жесткость,средняя жесткость
Beauty_Accs,оранжевый подтон,оранжевый оттенок
Beauty_Accs,оригинал; оригинальный продукт; похож на оригинал,оригинальный
Beauty_Accs,под макияж; подготовка к макияжу; подходит как база под макияж; подходит под макияж; подходит при макияже; хорошо под макияж,основа под макияж
Beauty_Accs,отличная щеточка; удобная кисточка; хорошая щетина,хорошая кисточка
Beauty_Accs,отшелушивает; слабое отшелушивание,мягкое отшелушивание
Beauty_Accs,охлаждает; охлаждающие; охлаждающий эффект,охлаждает лицо
Beauty_Accs,пенка со щеточкой; щеточка отвалилась,пенка с щеточкой
Beauty_Accs,питает; питает волосы; питает кожу; питательные; питательный; питают кожу,питание
Beauty_Accs,повторные покупки; регулярная покупка,повторная покупка
Beauty_Accs,подарочная упаковка; подарочное исполнение; подарочное оформление; подарочный набор,подарочные наборы
Beauty_Accs,подкручивает ресницы; разделяет ресницы; склеивает ресницы; сошла с ресниц; удлиняет ресницы; утолщает ресницы,объемные ресницы
Beauty_Accs,подстраивается под кожу; подстраивается под тон; подстраивается под цвет; подстраивается под цвет кожи,под цвет кожи
Beauty_Accs,подходит для тона кожи; подходит для тонального крема; подходит под тоналку; подходит под тональный крем; тональный крем ложится,совместимость с тональным кремом
Beauty_Accs,подходит при ретиноидах; содержит ретинол,эффективный ретинол
Beauty_Accs,полирует; полирует зубы,полировка зубов
Beauty_Accs,полупрозрачная; полупрозрачный,прозрачный
Beauty_Accs,постепенный загар; усиливает загар,ровный загар
Beauty_Accs,появляется перхоть; против перхоти,антиперхоть
Beauty_Accs,приятные,приятный цвет
Beauty_Accs,приятный в использовании; прост в применении; удобная; удобная в использовании; удобная в нанесении; удобная в руке; удобная конструкция; удобная пипетка; удобная форма; удобная щетка; удобная щеточка; удобно в руке; удобно дозируется; удобно использовать; удобно применять; удобные; удобный; удобный апликатор; удобный аппликатор; удобный в нанесении; удобный дозатор; удобный объем; удобный способ получения; удобный спрей; удобный стик; удобный тюбик; удобный формат; удобный чехол,удобный в использовании
Beauty_Accs,разглаживает морщинки; разглаживают морщинки; уменьшает морщинки,разглаживает морщины
Beauty_Accs,резкий запах; резкий но приятный аромат; резкий химический запах,резкий аромат
Beauty_Accs,рекомендована мастером; рекомендовано стоматологом,профессиональная рекомендация
Beauty_Accs,с нормальным сроком годности,срок годности до 2027
Beauty_Accs,эффект сияния,салонный эффект
Beauty_Accs,самостоятельное использование,самостоятельное средство
Beauty_Accs,силиконовая основа; силиконовая пленка,силиконовая
Beauty_Accs,сильная пигментация; сильная фиксация,высокая стойкость
Beauty_Accs,скраб-эффект; эффективное скрабирование,эффективный скраб
Beauty_Accs,снимает отечность; снимают отеки; снимают отечность; снимают отёки; убирает отеки; устраняют отеки,снимает отеки
Beauty_Accs,совместим с кондиционером; совместим с кремами; совместим с туалетной водой; совместима с шампунем,совместим с косметикой
Beauty_Accs,содержит воск; содержит гранулы,воск и гранулы
Beauty_Accs,сохраняет свежесть; сохраняет яркость блонда,для блонд волос
Beauty_Accs,специфический вкус; специфический запах,специфические ощущения
Beauty_Accs,стойкость >5 часов; стойкость до 4 часов,долгостойкий
Beauty_Accs,сужает поры,сужение пор
Beauty_Accs,сухая формула; суховата; суховатая,сухой
Beauty_Accs,термоактивный,термозащита
Beauty_Accs,тональный; тонизирует; тонирующий эффект; эффективный тоник,тонизирующий тоник
Beauty_Accs,требует повторного нанесения; требует правильного нанесения,рекомендуемое нанесение
Beauty_Accs,тревел вариант,тревел-формат
Beauty_Accs,трудно выдавить; трудно укладывать; тяжело наносится; тяжело смывается; тяжело снимается,трудное применение
Beauty_Accs,тяжеловат для кожи; тяжеловат на лице,тяжелый
Beauty_Accs,укладка локонов,укладка волос
Beauty_Accs,универсальное нанесение; универсальное средство; универсальный цвет,универсальный бьюти-аксессуар
Beauty_Accs,унисекс,унисекс аромат
Beauty_Accs,царапает кожу головы; чувствительная кожа головы; шелушение кожи головы,раздражение кожи головы
Beauty_Accs,чистота,чистая кожа
Beauty_Accs,шелковистая кожа; шелковистость кожи; шелковистые волосы; шелковые волосы,шелковистость
Beauty_Accs,шершавость,шершавость кожи
Beauty_Accs,щиплет кожу; щиплет при нанесении,щиплющее ощущение
Beauty_Accs,экономичный,экономичная
Beauty_Accs,эффект накопления; эффект увеличения,усиление эффекта
Beauty_Accs,аромат на любителя; ароматная увлажняющая эмульсия; аромат жасмина и женьшеня; мужской аромат; унисекс аромат; резкие ноты; странная отдушка; аромат cherry; запах манго; запах табака и сандала; ванильный акцент; минимальный аромат; парфюмированный,аромат
Beauty_Accs,гипоаллергенный; гипоаллергенный; гипоаллергенный,гипоаллергенный
Beauty_Accs,долгая чистота волос; долго держится; долговременный эффект,долго держится
Beauty_Accs,мягкость кожи; нежная текстура; мягкий ментол; мягкий грифель; мягкое отшелушивание; нежная пена,мягкий
Beauty_Accs,сияние; сияющий; свежесть; свежий цвет; свежий аромат; свежесть кожи,сияющий
Beauty_Accs,резкий аромат; неприятный запах со временем,резкий аромат
Beauty_Accs,компактный размер; миниатюрный; маленький размер; тревел-формат; удобно в дорогу; портативный,компактный размер
Beauty_Accs,высокое качество; рекомендуемый; рекомендуемое нанесение; нравится пользователям; популярная косметика; лучшая марка; лучше старых; милая; привлекательный дизайн; соответствует описанию,
Beauty_Accs,50 мл; объем,
Beauty_Accs,не подходит для ночи; неустойчив к жаре; агрессивный состав; недостаточная плотность; недостаточная защита от пота; неэффективный; дискомфорт при использовании; трудное применение; тяжелый; часто требует обновления; плохо покрывает за 1 слой; оставляет следы; неприятная после мойки; засохший гель; крошащаяся пемза; крошится; сыплются; сыпучий; сомнения в оригинале; частично заполнен; цвет отличается от фото,недостатки
Beauty_Accs,блестит на лице; блестящие тени; перелив; шиллер; шиммер не ощущается,с блестками
Beauty_Accs,с подсветкой; с розовым отливом; с подводкой; с роликами,с подсветкой
Beauty_Accs,шелушения исчезли; шершавость кожи,шелушения исчезли
Beauty_Accs,щёточка разъединяет; широкая головка,щёточка разъединяет
Beauty_Accs,эффект тинта; ложится как вторая кожа,эффект тинта
Clothes,базовая поддержка; базовые; базовый стиль,базовая
Clothes,без регулировки лямок,без лямок
Clothes,в меру длинная; в меру широкая,оптимальный крой
Clothes,высокое качество; качественная; качественные; качественный материал; отличное качество; хорошая цена; хорошее качество; хорошие,высококачественные материалы
Clothes,деформируется после стирки; не желтеет после стирки; не садится после стирки; не теряет вид после стирки; порвались после стирки; тугие после стирки,сохраняет форму после стирки
Clothes,длина полная; длинная; неправильная длина; полноценная длина; хорошая длина,полная длина
Clothes,дышит,дышащие
Clothes,идеальный цвет; интересная расцветка; красивый цвет,насыщенный цвет
Clothes,идут в размер; подходит по размеру,размер соответствует
Clothes,как сидит; классно сидит; сидит идеально,идеальная посадка
Clothes,комфортные; стильная; стильные,стильный комфорт
Clothes,легкая; лёгкие,легкие
Clothes,маломерки; маломерят,компактные
Clothes,мягкая; мягкая ткань; мягкие; мягкий трикотаж,мягкий материал
Clothes,не вытягиваются; не жмут; не загибаются; не катышатся; не мнется; не натирают; не пережимают; не спадает; не сползают; не теряет форму; не трутся,износостойкий
Clothes,нежные,нежное
Clothes,немного oversize; слегка укороченные,свободный укороченный
Clothes,неплохой состав; хорошо держится; хорошо сидят; хорошо тянутся; хорошо тянуться,эластичная ткань
Clothes,плотная; плотные; плотный материал,плотная ткань
Clothes,приятная к телу; приятно к телу; приятно носить; приятный к телу,приятная ткань
Clothes,приятные; приятный материал,приятный хлопок
Clothes,свободного кроя; свободные,свободный крой
Clothes,синтетический материал,синтетика
Clothes,тонкие; тонкий,тонкая ткань
Clothes,удобные; удобный; уютный,комфортный
Clothes,базовая,базовая
Clothes,без лямок,без лямок
Clothes,оптимальный крой,оптимальный крой
Clothes,высококачественные материалы,
Clothes,сохраняет форму после стирки,сохраняет форму после стирки
Clothes,полная длина,полная длина
Clothes,дышащие,дышащие
Clothes,насыщенный цвет,
Clothes,размер соответствует,
Clothes,идеальная посадка,идеальная посадка
Clothes,стильный комфорт,
Clothes,легкие,легкие
Clothes,компактные,компактные
Clothes,мягкий материал; приятная ткань,мягкий
Clothes,износостойкий,износостойкий
Clothes,нежное,нежное
Clothes,свободный укороченный; свободный крой,свободный крой
Clothes,эластичная ткань; эластичные,эластичные
Clothes,плотная ткань,плотная ткань
Clothes,приятный хлопок,приятный хлопок
Clothes,синтетика,синтетика
Clothes,тонкая ткань,тонкая ткань
Clothes,комфортный,
Clothes,аккуратные детали,аккуратные детали
Clothes,бесшовные,бесшовные
Clothes,боковые карманы,боковые карманы
Clothes,большемерит,
Clothes,вызывает потоотделение,вызывает потоотделение
Clothes,дискомфорт при ходьбе,дискомфорт при ходьбе
Clothes,для высокого роста,для высокого роста
Clothes,для ежедневной носки,для ежедневной носки
Clothes,долгоносящиеся,долгоносящиеся
Clothes,зазор при сидении,зазор при сидении
Clothes,извлекаемые вкладыши,извлекаемые вкладыши
Clothes,качественный принт,качественный принт
Clothes,колени быстро стираются,колени быстро стираются
Clothes,крепкая пуговица,крепкая пуговица
Clothes,летние,летние
Clothes,льняные,льняные
Clothes,маломерит в чашках,
Clothes,молочный цвет,молочный цвет
Clothes,на резинке,на резинке
Clothes,немного клеш,немного клеш
Clothes,неплотная структура,неплотная структура
Clothes,непросвечивающая,непросвечивающая
Clothes,оверсайз,оверсайз
Clothes,однотонные,однотонные
Clothes,плавная молния,плавная молния
Clothes,плохо пропускает воздух,плохо пропускает воздух
Clothes,под пальто,под пальто
Clothes,подчеркивает декольте,подчеркивает декольте
Clothes,прорезиненная штучка,прорезиненная штучка
Clothes,просвечивает,просвечивает
Clothes,прочные,прочные
Clothes,самостоятельная вещь,
Clothes,скатываются,скатываются
Clothes,соответствует описанию,
Clothes,тесноваты в талии,тесноваты в талии
Clothes,тянутся,эластичные
Clothes,узкая ластовица,узкая ластовица
Clothes,фактурная ткань,фактурная ткань
Clothes,хлопковая,хлопковая
Clothes,цвет слоновая кость,цвет слоновая кость
Clothes,широкие штанины,широкие штанины
Home_Accs,100% хлопок; аромат хлопка; из хлопка; качественный хлопок; нормальный хлопок; хлопковая ткань; хлопковое; хлопковые; хлопковый; хлопок 100%; чистый хлопок,хлопок
Home_Accs,аккуратная; аккуратная пошивка; аккуратная сборка; аккуратная строчка; аккуратная упаковка; аккуратно окантован; аккуратно пошита; аккуратно сшито; аккуратные; аккуратный; аккуратный вид; аккуратный дизайн; аккуратный пошив,аккуратное исполнение
Home_Accs,яркий узор,акцентный узор
Home_Accs,алый красный цвет; белый цвет; бледный цвет; блеклая расцветка; блеклый рисунок; блеклый цвет; веселая расцветка; красивая расцветка; красивый цвет; летняя расцветка; множество расцветок; оригинальная расцветка; отличный цвет; приятная расцветка; приятного цвета; прозрачный белый; простая расцветка; спокойная расцветка; спокойный цвет; цвет блеклый; чистый белый цвет; чёткая расцветка; яркая расцветка,цветовая гамма
Home_Accs,антипроскальзящий; противоскользящий,антискользящий
Home_Accs,аромат свежести; аромат чистоты; ароматный; вкусный аромат; едкий аромат; запах чистоты; интенсивные ароматы; интенсивный аромат; интенсивный запах; легкий аромат; лёгкий аромат; невероятный аромат; нежный аромат; ненавязчивый аромат; освежающий аромат; порошковый аромат; потрясающий аромат; приятный аромат; резкие ароматы; резковатый аромат; свежий аромат; свежий запах; сладкий аромат; стойкие ароматы; стойкий аромат; стойкий запах; тонкий аромат; успокаивающий аромат; цитрусовый аромат,аромат
Home_Accs,аромат слабый; вкусно пахнет; дешёвый запах; есть запах; небольшой запах; неприятный запах; нестойкий аромат; нестойкий запах; пахнет резиной; резкий запах; слабый запах; яркий запах,слабый аромат
Home_Accs,базовая модель,базовый дизайн
Home_Accs,бархатные; махровые,мягкие
Home_Accs,бархатный чехол; съемный чехол,бархатный съемный чехол
Home_Accs,с бежевым оттенком,бежевый
Home_Accs,без брака; брак на кольцах; брак с рисунком; наличие брака; риск брака; с браком,брак
Home_Accs,ворс не лезет; ворс не оставляет; ворсинки не остаются; ворсинки не осыпаются; не ворсистое; не лезет ворс; нет ворса,без ворсинок
Home_Accs,без выцветания; мало мягкости; не болтается; не выдерживают вес; не вытягивается; не выцветает; не выцветают; не гладится; не глажится; не гнётся; не грубая; не держат форму; не держит форму; не деформируется; не деформируются; не длинная; не жесткий; не закатывается; не замятый; не затемняет; не колется; не комкуется; не красит; не крошится; не линяет; не линяют; не мнется; не мнётся; не мягкие; не окрашивает; не оставляет следов; не отшлифованы; не очень мягкие; не очень мягкое; не очень плотная; не очень плотное; не очень плотные; не пачкается; не плотная; не плотный; не подгорает; не практичная; не проливается; не промокает; не протекает; не разваливаются; не разлохматились; не ржавеет; не садится; не сбивается; не сваливаются; не сильно плотная; не скатывается; не складывается; не скользит; не скользят; не скукожились; не слишком плотные; не соскальзывает; не сползает; не стягивается; не съезжает; не сыпется; не теплое; не теряет форму; не теряют вид; не теряют форму; не течет; не толстые; не требует глажки; не тяжелое; не тяжелый; не тяжёлая; не царапаются; не цельный камень; не шелковистая; не шелковистые; не электризуется; нет зацепок; нет колпачков; нет торчащих ниток; ткань не очень плотная,износостойкий
Home_Accs,не пахнет искусством; не прилипает масло; не слишком сильный запах; нет запаха,без запаха
Home_Accs,не катышится; не образует катышки; образует катышки; появились катышки,без катышков
Home_Accs,белоснежное; белоснежный цвет,белые
Home_Accs,благородный вид; благородный синий цвет,благородный синий
Home_Accs,бледный принт; декоративный принт; изящный принт; качественный принт; классный принт; красивый принт; милый принт; модный принт; нежный принт; новогодний принт; оригинальный принт; освежающий принт; понятный принт; прикольный принт; принт устойчивый; приятный принт; симпатичный принт; стойкий принт; хороший принт; хорошо пропечатан принт; яркий принт,четкий принт
Home_Accs,блекнет после стирки; выцвели после стирки; выцветает при стирке; выцветание после стирки; грубеет после стирки; деформируется после стирки; жестковаты до стирки; жестковаты после стирки; катышки после стирки; комфорт после стирки; красятся при стирке; мягкая после стирки; не дубеет после стирки; не лезет после стирки; не окрашиваются при стирке; не потускнел после стирки; не садится после стирки; не садятся после стирки; не сел после стирки; не теряют форму после стирки; неизвестно после стирки; после стирки выглядит достойно; после стирки как новая; после стирки мятый; после стирки отлично; потеря внешнего вида после стирки; потеря формы после стирки; рассыпается при стирке; сохраняют вид после стирки; стирается краска; теряет вид после стирки; теряют вид после стирки; тонкие после стирки; улучшение после стирки; уменьшаются после стирки,сохраняет свойства после стирки
Home_Accs,блестящий декор; декоративная; декоративные; декоративный; декоративный вид; декоративный предмет; для декоративных целей,декоративные элементы
Home_Accs,большая; большие; большие размеры; большого размера; большое; большой; крупная,большой размер
Home_Accs,большие прихватки; удобные прихватки,большие удобные прихватки
Home_Accs,большой объем; объемная; объемные; объём достаточный; удачный объём; хороший объем,объемный
Home_Accs,бутылочное стекло; граненое стекло; качественное стекло; красивое стекло; крашенное стекло; крашеное стекло; стекло тонкое; стеклянная; стеклянный; толстое стекло; тонкое стекло; хрупкое стекло,стекло
Home_Accs,зарядка от аккумулятора,быстрая зарядка
Home_Accs,быстро выветривается; быстро выветриваются; быстро высыхает; быстро изнашиваются; быстро испаряется; быстро линяет; быстро пахнут сыростью; быстро портится; быстро расходуется; быстро сохнет; быстро сохнут; быстро теряет форму; истрепался быстро,быстро изнашивается
Home_Accs,быстро теряют цвет; не меняет цвет; не соответствует цвету; не теряет цвет; не теряют цвет; не яркая расцветка; не яркие цвета; несоответствие цвета; проблемы с цветом; теряет цвет; теряет цвет при стирке; цвет не выгорает; цвет не вымылся; цвет не выцветает; цвет не изменится; цвет не меняет; цвет не меняется; цвет не терся; цвет не теряется; цвет не тускнеет,стойкий цвет
Home_Accs,бьются при доставке; повреждаются при доставке; целые при доставке; целый при доставке; часто повреждаются при доставке,целостность при доставке
Home_Accs,бюджетная бязь; бязь; хлопок бязь,хлопковая бязь
Home_Accs,в комплекте ложки; в коробке; с ложечкой,комплект с ложкой
Home_Accs,в меру мягкие; в меру плотное; в меру плотные; в меру твёрдая,умеренная текстура
Home_Accs,вафельная ткань; вафельное; вафельные,вафельная структура
Home_Accs,подходит на весну,весенне-летняя
Home_Accs,вместительная; вместительное; вместительные; достаточно вместительная,вместительный
Home_Accs,воздушное,воздушные
Home_Accs,возможны сколы; есть сколы; сколы на рисунке,сколы
Home_Accs,возможны трещины; ручка в трещине,трещины на ручке
Home_Accs,ворсинки лезут; нитки лезут,вылезающие волокна
Home_Accs,впитывает влагу; впитывают влагу; впитывающие влагу; не впитывает влагу; отлично впитывает; хорошая впитываемость; хорошо впитывает; хорошо впитывает влагу; хорошо впитывает воду; хорошо впитывают; хорошо впитывают влагу; хорошо впитывают воду,влагопоглощение
Home_Accs,впитывающие; впитывающий; нормальная впитываемость; среднее впитывание,средняя впитываемость
Home_Accs,выполняет функцию; справляются с функцией; функциональная; функциональное; функциональные; функциональный дизайн,функциональный
Home_Accs,для высоких матрасов,высокий матрас
Home_Accs,высокое качество; достойное качество; качественная; качественная строчка; качественно выполнена; качественно сделан; качественное; качественное изготовление; качественное исполнение; качественные; качественные материалы; качественный вид; качественный материал; качественный металл; качественный состав; качественный товар; качество отличное; качество супер; качество хорошее; неплохое качество; нормальное качество; обычное качество; отличное исполнение; отличное качество; премиум качество; простое качество; удачное качество; хорошее качество; хорошее качество изображения; хороший материал; цена качество отличное,качественный
Home_Accs,высокое качество пошива; интересно сшиты; качественная подшивка; качественная прошивка; качественно сшит; качество пошива удовлетворительное; сшито качественно; сшиты хорошо; хорошее пошив; хорошее пошивочное качество; хороший пошив; хорошо прошито; хорошо прошиты; хорошо сшита; хорошо сшито; хорошо сшиты,качественный пошив
Home_Accs,выцветает; цвет выцветает,потеря цвета
Home_Accs,качественная вышивка; красивая вышивка; с вышивкой,вышивка
Home_Accs,герметичная,герметичная крышка
Home_Accs,гладится хорошо; гладкая; гладкая поверхность; гладкая ткань; легко гладится; легко гладить; тяжело гладить; хорошо гладится; хорошо разглаживается,легкая глажка
Home_Accs,глубокая; глубокая подворот; глубокие; глубокий зеленый; глубокий зеленый цвет; глубокий синий цвет; глубокий черный,глубокий цвет
Home_Accs,грубая; грубоватый материал; грубый материал; ткань грубее брендов,грубая текстура
Home_Accs,двустороннее; двусторонние; двусторонний принт; двухсторонний принт,двусторонний
Home_Accs,деревянные,деревянный
Home_Accs,держит форму; ткань держит форму; форму держат; хорошо держат форму,держат форму
Home_Accs,держатся не очень; зажимы держат,зажимы
Home_Accs,детский дизайн; дизайн нравится; классический дизайн; красивый дизайн; прикольный дизайн; приятный дизайн; топовый дизайн; хороший дизайн; яркий дизайн,стильный дизайн
Home_Accs,понравилась,детям нравится
Home_Accs,дешевый комплект; качественный комплект; кольца в комплекте; комплектация; комплектуется; красивый комплект; палочки в комплекте; симпатичный комплект,комплект
Home_Accs,длинный ворс; короткий ворс; много ворса; мягкий ворс,разный ворс
Home_Accs,для автомобиля; для бани; для бассейна; для белья; для блинов; для босоножек; для бумажных полотенец; для бутербродов; для ванной; для ванной комнаты; для веранды; для верхней одежды; для горячей воды; для дачи; для детей; для дивана; для животных; для кедов; для колготок; для коллекции; для косметики; для костюмов; для кухни; для мелочей; для мяса; для напитков; для носков; для орехов; для поводков; для полива; для прихожей; для разных продуктов; для рук; для собак; для специй; для спорта; для сумок; для сумочки; для сухофруктов; для сыпучих продуктов; для текстиля; для тканей; для тонких тканей; для туфель; для фруктов; для хранения; для хранения мелочи; для шеи; для штанов,для дома
Home_Accs,для кошек; для любителей кошек; для мелких собак; подходит для кошек,для кошек и собак
Home_Accs,для лёгкой одежды; легко моется; легко моются; легко носить; легко очищается; легко пачкается; легко собирается; легко чистить; эффективно очищают,легко чистится
Home_Accs,для одноразового использования; удобный для одного,для одного
Home_Accs,для пляжа; пляжное,пляжный
Home_Accs,для подарка; подарочная; подарочная упаковка; подарочное; подарочный набор; подходит для подарка,подарочный
Home_Accs,для украшения кухни; подходит для аромапалочек; подходит для бритья; подходит для букетов; подходит для кухни; подходит для офиса; удобен для сушки; удобная для закусок; удобная для специй,декоративный органайзер
Home_Accs,добротное; добротные,добротная конструкция
Home_Accs,долговечная; долговечное; долговечные,долговечный
Home_Accs,достаточно плотные; плотная; плотная крышка; плотная набивка; плотная ткань; плотная упаковка; плотно закручивается; плотно закрываются; плотно набит; плотно набита; плотное; плотное натяжение; плотные; плотные крышки; плотный; плотный материал; плотный металл; плотный пластик; плотный хлопок; плотный чехол,плотная конструкция
Home_Accs,есть ниточки; много торчащих ниток; нитки по краям; нитки слабые; нитки торчат; с нитками; с торчащими нитками; торчат нитки,торчащие нитки
Home_Accs,есть петелька; есть петельки; наличие петли; петелька; петелька на узкой стороне; петелька разошлась; петельки отрываются; петли на краях; петля на стороне; с петелькой; с петлей,петелька на полотенце
Home_Accs,есть подставка; под пасту; с подставкой,подставка для пасты
Home_Accs,есть увеличение; увеличивающая сторона,с увеличением
Home_Accs,есть шпажки,шпажки заваливаются
Home_Accs,желтый цвет; холодный цвет,холодный желтый
Home_Accs,жесткая; жесткие каркасы; жестковата; жестковатая; жестковато; жестковатые; жестковатый; жесткое; жестяные; тактильно жесткая,жесткий
Home_Accs,жесткая посадка; неприятная посадка,плотная посадка
Home_Accs,забавная; необычная; необычная форма; необычные,необычный дизайн
Home_Accs,застёжка на молнии; молния на всю ширину; проблемы с молниями; чехол на молнии,молния по длине
Home_Accs,появление зацепок,зацепки после стирки
Home_Accs,изящная; изящный; эстетичная; эстетичное; эстетичные; эстетичный; эстетичный вид; эстетичный внешний вид,эстетичный дизайн
Home_Accs,интересный вид; интересный рисунок,оригинальный дизайн
Home_Accs,интерьерный,интерьерный акцент
Home_Accs,искажает отражение; не искажает отражение,качество отражения
Home_Accs,используется мало палочек; мало наполнения,экономичный расход
Home_Accs,качественная керамика; керамическая; керамическая подставка; керамические; керамический; керамический пестик,керамические аксессуары
Home_Accs,качественный наполнитель; много наполнителя,льняной наполнитель
Home_Accs,качественный пластик; нож пластиковый; пластиковая; пластиковая конструкция; пластиковый; прочный пластик,пластик
Home_Accs,качество не очень; качество снижается; качество ужасное; спорное качество; ужасное качество,низкое качество
Home_Accs,колется; колючее,колючая
Home_Accs,комбинируются с посудой; совместим с серией; сочетаемость с посудой,совместимость с посудой
Home_Accs,комфорт при использовании; легко открывается; неудобное размещение; приятные в использовании; ситечко удобно; удобная; удобная высота; удобная конструкция; удобная крышка; удобная нарезка; удобная ручка; удобная сервировка; удобная форма; удобно; удобно менять; удобно одевать; удобно открывается; удобно пить; удобно пользоваться; удобное; удобное в использовании; удобное использование; удобное размещение; удобные; удобные в использовании; удобные карманы; удобные на руках; удобный дозатор; удобный размер; удобство использования,удобный
Home_Accs,красивая; красиво смотрится; красивое; красивые; роскошные; симпатичная; симпатичная расцветка; симпатичная форма; симпатичные; симпатичный; симпатичный вид; симпатичный рисунок; симпатичный цвет,красивый
Home_Accs,красивый орнамент; этно орнамент,этнический орнамент
Home_Accs,крепится на дверь; крепление на полку,крепление на дверь/полку
Home_Accs,крепкая; крепкие; крепкий; крепкое,крепкое крепление
Home_Accs,кривая конструкция; кривая наклейка; кривая строчка; кривые изделия; кривые швы,кривые формы
Home_Accs,крупнозернистая фактура; нежная фактура; фактура жатка; фактурный,фактура
Home_Accs,крышка без фиксации; крышка держит; крышка есть; крышка на липучке; крышка разболталась; лопнувшая крышка; отсутствие крышки; проваливается крышка; разводы на крышке; сломанная крышка,проблемы с крышками
Home_Accs,лаконичные,лаконичный дизайн
Home_Accs,легкая; легкие; легкий вес; легкий уход; легкое; лёгкая; лёгкий; лёгкое,легкий
Home_Accs,легко стираются; можно стирать; стоик к стиркам; устойчиво к стирке; устойчивое к стирке; хорошо отстирывается; хорошо переносят стирку; хорошо стирается; хорошо стираются,легко стирается
Home_Accs,лезет волокно; остаются волокна,вылезающие волокна
Home_Accs,линючий цвет; линяет; линяют,линючий
Home_Accs,липнут,липучки
Home_Accs,лёгкий оттенок; матовый оттенок; сероватый оттенок; синий оттенок; темный оттенок,цветовые оттенки
Home_Accs,с льном,лён
Home_Accs,маленькая; маленькая ёмкость; маленькие; маленькие емкости; маленькие размеры; маленький носик; маленькое; небольшая; небольшая ступка; небольшой объем; небольшой размер,маленький размер
Home_Accs,массивные,массивный
Home_Accs,металлический каркас; металлический колпачок,металлические детали
Home_Accs,милая; милое оформление; милые; милый рисунок,милый дизайн
Home_Accs,миниатюрная; минималистичная; минималистичный; минималистичный принт,минималистичный дизайн
Home_Accs,много блеска,сильный блеск
Home_Accs,может деформироваться; может прийти с дефектами; может разбиться; может сломаться,хрупкий
Home_Accs,молния на пододеяльнике; пододеяльник на молнии; прорез в пододеяльнике,пододеяльник с молнией
Home_Accs,молочный оттенок; цвет молочный,молочный
Home_Accs,мягкая; мягкая ткань; мягкая тонкая; мягкие; мягкие части; мягкий материал; мягкий пластик; мягкий хлопок; мягко драпируется; мягкое,мягкий
Home_Accs,мягкая на ощупь; приятная к коже; приятная к телу; приятное к телу; приятное на ощупь; приятные к телу; приятные на ощупь; приятный к телу; приятный на ощупь; приятный тактильно; тактильно приятная; тактильно приятный; тактильно-приятная,приятная на ощупь
Home_Accs,набиты неплотно; неплотная; неплотная ткань; неплотно набита; неплотное; неплотные,неплотная набивка
Home_Accs,наволочка без резинок; наволочки без замков; простыня без резинки,без креплений
Home_Accs,надежность крепления; надежные; надежный; надёжная эксплуатация,надёжные
Home_Accs,наполнение синтепон; синтепон; синтепон выглядывает; синтетика; синтетика сверху,содержит синтетику
Home_Accs,нарушен слой краски; неровное нанесение краски; подтеки краски; пятно от краски,дефект покраски
Home_Accs,нарядные; нарядный вид,нарядный
Home_Accs,натуральная ткань; натуральное; натуральный состав; натуральный хлопок; природная свежесть,натуральный материал
Home_Accs,начало облезать; облезает покрытие,облезание покрытия
Home_Accs,не просвечивает; не сильно просвечивают; просвечивают; просвечивают слегка; просвечиваются,непрозрачный
Home_Accs,не соответствует картинке; не соответствует описанию; не соответствует размеру; не соответствует фото; не соответствует цене; несоответствие размера; несоответствие цены и качества; нет уровнемера,несоответствие заявленному
Home_Accs,не стойкий; ненадежный; ненадёжная; неустойчивая голова,неустойчивый
Home_Accs,не темнеет от кофе; хорошо заваривает кофе,кофе-устойчивый
Home_Accs,нежная расцветка; нежная текстура; нежное; нежные; нежные оттенки; нежные цвета; нежный; нежный материал; нежный рисунок; нежный цвет,нежный дизайн
Home_Accs,нейтральные; нейтральный дизайн,нейтральный стиль
Home_Accs,немаркая; немаркое,немаркий
Home_Accs,неточный размер; оптимальный размер; по размеру; подходит по размеру; соответствует размеру,соответствие размера
Home_Accs,новогодняя,новогодний дизайн
Home_Accs,обычные,повседневные
Home_Accs,оригинальная; оригинальная форма; оригинальный; оригинальный вид,оригинальный дизайн
Home_Accs,оставляет ворс; оставляет жмых; оставляет пушок; оставляют ворсинки,оставляет отложения
Home_Accs,отваливается головка; подставка разваливается,разваливается
Home_Accs,отличаются от фото; отличаются оттенком; разные цвета; цвет как на фото; цвет может отличаться; цвет отличается; цвет темнее фото,цвет отличается от фото
Home_Accs,отличный фарфор; тяжелый фарфор; фарфоровая подставка; фарфоровый,фарфор
Home_Accs,пасторальная расцветка,пастельный цвет
Home_Accs,переливает при наполнении; растекается содержимое,негерметичный
Home_Accs,переносной,портативный
Home_Accs,перкаль,перкаль хлопок
Home_Accs,плоские со временем,плоская
Home_Accs,плохо держит цвет; плохо держится стекло; плохо закрывается; плохо обработана; плохо пропускает воздух; плохо склеено,качество сборки
Home_Accs,подсветка,с подсветкой
Home_Accs,поржавели после мойки,следы после мытья
Home_Accs,поставка разборная,разборный
Home_Accs,появились комки; сбиваются в комки,комкование
Home_Accs,праздничная подача; праздничный дизайн,праздничный стиль
Home_Accs,практичная; практичная вещь; практичные; практичный; прочная; прочная крышка; прочная упаковка; прочное покрытие; прочные; прочный материал; прочный металл,прочный
Home_Accs,презентабельная; презентабельный вид; эффективная сушка; эффективный; эффектный вид,функциональный дизайн
Home_Accs,приятная текстура; разная текстура,разнообразная текстура
Home_Accs,приятно держать; приятно держать в руках,удобная форма
Home_Accs,приятные; приятные запахи; приятные ощущения; приятный велюр; приятный запах; приятный материал; приятный оттенок; приятный подарок; приятный размер; приятный хлопок; приятный цвет,приятный
Home_Accs,пропускает воду; пропускает при струе,пропускает воду при струе
Home_Accs,прорезиненная нижняя часть; прорезиненный,прорезиненные элементы
Home_Accs,простой дизайн; простой пошив,простой дизайн и пошив
Home_Accs,прочная окраска; яркая окраска,ярко-стойкая окраска
Home_Accs,пушистые,пушистое
Home_Accs,реалистичный вид,реалистичный дизайн
Home_Accs,резинка; резинка держит,резинка по периметру
Home_Accs,рогожка,хлопковая рогожка
Home_Accs,розоватые тона; тычет в тон,нежно-розовые
Home_Accs,розовый оттенок; цвет розовый,розовый цвет
Home_Accs,с бантиками; с принтом,декоративные детали
Home_Accs,с блестками; с декором; с дыркой; с зубчиками; с кисточками; с крышками; с крючками; с молнией; с ножками; с окошком; с орнаментом; с отделениями; с открыточкой; с пятнами; с розочками; с трещиной; с трубочкой; со сколами,декоративные элементы
Home_Accs,светло-серый; серая колба; серо-серые; серо-синий цвет; серый цвет; темно-серый; цвет в серый,серый
Home_Accs,светлые,цветостойкие
Home_Accs,силиконовый ободок; силиконовый цветок,силиконовые аксессуары
Home_Accs,сильно мнется; сминаются,легко мнётся
Home_Accs,скатались; скомкались,деформация стирки
Home_Accs,склеенная конструкция,цельная конструкция
Home_Accs,скользит; скользит при впитывании; скользкий когда мокрый,скользит при намокании
Home_Accs,соответствует фото; соответствует цене; соответствуют описанию; соответствуют фото; цвет соответствует; цвет соответствует картинке; цвет соответствует фото,соответствует описанию
Home_Accs,стильная; стильная расцветка; стильно; стильное; стильные; стильные расцветки; стильные цвета; стильный вид; стильный внешний вид; стильный дизайн; стильный рисунок,стильный
Home_Accs,сыпется,сыпется ворс
Home_Accs,теплая; теплое; теплый свет; термостойкая; тёплый; тёплый оттенок; тёплый цвет,теплый
Home_Accs,толстая; толстые,толстый
Home_Accs,тоненькая; тоненькое; тонкая; тонкая ручка; тонкая ткань; тонкие; тонкие материалы; тонкие стенки; тонкий; тонкий хлопок; тонковатая; тонковатая ткань; тонковатое; тонковатые; тонкое; тонкое плетение; тонкое полотно,тонкий материал
Home_Accs,точный цвет; цвет точный,точная цветопередача
Home_Accs,трескаются при использовании; шершавые после использования,поверхностные дефекты
Home_Accs,тугие,тугой механизм
Home_Accs,тяжелая; тяжелая подставка; тяжеленький; тяжеловатая; тяжелые; тяжёлая; тяжёлая конструкция; тяжёлая ткань; тяжёлые тарелки; тяжёлый,тяжелый
Home_Accs,удобное хранение; хорошее хранение хлеба,удобное хранение хлеба
Home_Accs,узковата,узковатые
Home_Accs,украшает стол,украшает интерьер
Home_Accs,универсальная; универсальное; универсальное использование; универсальные; универсальный дизайн; универсальный запах; универсальный размер; универсальный цвет,универсальный
Home_Accs,упругая,упругие
Home_Accs,хлипенькая; хлипкая; хлипкая сборка; хлипкий; хлипкое; хлипкое качество; хлипкое крепление,низкая прочность
Home_Accs,хрупкая; хрупкая посуда; хрупкие; хрупкий; хрупкий картон; хрупкий элемент; хрупковатое,хрупкие товары
Home_Accs,частично черный; черный фон,черный цвет
Home_Accs,шелковистое; шелковистый; шелковистый сатин,шелковистая ткань
Home_Accs,экономят место,экономит место
Home_Accs,эргономичная,эргономичные
Home_Accs,мягкие; мягкий,мягкий
Home_Accs,декоративные элементы; декоративные детали,декоративные элементы
Home_Accs,оригинальный дизайн; оригинальный дизайн,оригинальный дизайн
Home_Accs,качественный; приятный; красивый; нарядный; солидный; дорогой вид; полезная вещь; практично; практичная альтернатива скатерти; полезная вещь; повторные покупки; рекомендуют; вызывает доверие; качество оправдало ожидания,
Home_Accs,большой размер; маленький размер; в размер; маломерит; большемерит,
Home_Accs,нормально; ок; супер; хорошо; хорошо впитывает; отлично впитывает; впитывает хорошо; быстро сохнет; сохнет быстро; прочный; долговечный,
Home_Accs,детям нравится,
Home_Accs,брак; поверхностные дефекты; дефект покраски; облезание покрытия; неоднородная глазурь; непрокрашенные участки; сколы; трещины на ручке; зацепки после стирки; рвется; свалялась; приходил разбитым; хрупкий при перевозке; хрупкие защелки; проблемы с крышками; проблемы с прошивкой; окантовка трепется; полотно перекошено; некруглая; непрозрачный; неустойчивый; не очень держит салфетки; не работает; не выдерживает частое использование; сыпется ворс; вылезающие волокна; катышки через месяц; маркие; маркая поверхность; появляется плесень; состав сомнителен; сравнительно менее прочные; низкая прочность,дефекты и недостатки
Home_Accs,цвет отличается от фото; цвет в зеленый отлив; цвет тускнеет со временем; неплотная набивка; состав сомнителен; состав сомнителен,цвет и состав
Home_Accs,удобный; удобное хранение хлеба; удобное разграничение отсеков; удобный; фиксируется в руке; поддерживает шею,удобство использования
Home_Accs,легкий; легко чистится; легко стирается; легкий запах резины; легко мнётся; можно в пмм; можно ставить друг на друга; можно ушивать; требует ухода; требуют обработки маслом,лёгкость в уходе
Home_Accs,плотная конструкция; плотная посадка; тугой механизм; тугая набивка; плотная конструкция; плотная посадка,плотность и натяжение
Home_Accs,функциональный; функциональный дизайн; многосекционная; двухъярусная; разные способы крепления; для труднодоступных мест; для разномастных ножей; для полок 3 см; для летней обуви; для ватных дисков,функциональные особенности
Home_Accs,декоративные элементы; интерьерный акцент; украшает интерьер; дизайн; оригинальный дизайн; минималистичный дизайн; милый дизайн; эстетичный дизайн; стильный дизайн; лаконичный дизайн; прованс стиль; стиль модерн; эко; эргономичные; эффект состаренности; эффект жатки; ретро; под старину; серия с птичками; цветочные принты; полосатая; этнический орнамент; акцентный узор,дизайн и стиль
Home_Accs,материал; хлопок; льняной наполнитель; деревянный; металлические детали; пластик; силиконовые аксессуары; керамические аксессуары; фарфор; стекло; основа пвх; поролоновые вставки; шерсть внутри; бамбуковые крышки; пробковое дно; тритан; термостекло; картонная конструкция,материалы
Home_Accs,цвет; бежевый; белые; благородный синий; нежно-розовые; розовый цвет; серый; черный цвет; пастельный цвет; терракотовый цвет; бронзовый цвет; хвойный цвет; фиолетовый подтон; сочный цвет; золотые нити; мелкая крапинка; переливаются на свету; блэкаут; цветостойкие; линючий; может полинять при первой стирке,цвет и устойчивость окраски
Home_Accs,размер; вместительный; узковатые; узкая горловина; плоская; толстый; тонкий материал; воздушные; объемный; тяжелый; увесистые; массивный,размер и объём
Home_Accs,аромат; слабый аромат; без запаха; легкий запах резины; аромат,аромат и запах
Home_Accs,упаковка; упакован в пупырке; вскрытый товар; целостность при доставке,упаковка и доставка
Home_Accs,цена; стоимость завышена; экономичный расход; дешевый; дорогой вид,стоимость и экономия
Home_Accs,прочность; прочный; ударопрочная; стойкий цвет; долговечный; износостойкий; сравнительно менее прочные,прочность и долговечность
Home_Accs,впитываемость; влагопоглощение; средняя впитываемость; немаркий; водоотталкивающий,влагостойкость
Home_Accs,удобство; удобный; удобное хранение хлеба; удобное разграничение отсеков; удобный; фиксируется в руке; поддерживает шею,удобство использования
Home_Accs,гигиеничность; легко чистится; маркие; маркая поверхность; накапливает загрязнения; немаркий,гигиеничность и чистота
Home_Accs,универсальность; универсальный; для дома; для одного; для кошек и собак; для труднодоступных мест; для разномастных ножей; для полок 3 см; для летней обуви; для ватных дисков,универсальность применения
Home_Accs,декор; декоративные элементы; интерьерный акцент; украшает интерьер; декор утонул,декоративные элементы
Home_Accs,освещение; с подсветкой; ночник; три режима света; сенсорное управление,освещение
Home_Accs,крепление; крепление на дверь/полку; крепкое крепление; зажимы; липучки; резинка по периметру; съемная резиновая основа,крепление и фиксация
Home_Accs,механизмы; тугой механизм; молния по длине; распылитель; кнопка для наливания; поворотные плашки,механизмы и функции
Home_Accs,сезонность; весенне-летняя; новогодний дизайн; праздничный стиль; черно-белое сочетание; школьный; черно-белое сочетание,сезонные и тематические особенности
Home_Accs,дополнительные функции; с подсветкой; с соплом покороче; с увеличением; 5-кратное увеличение; термонаклейка с репродукцией,дополнительные функции
Home_Accs,экологичность; эко; натуральный материал; без синтетики,экологичность
Home_Accs,особенности использования; можно в пмм; можно ставить друг на друга; можно ушивать; стирка до 30 градусов; требует ухода; требуют обработки маслом,особенности использования
Home_Accs,дизайн; оригинальный дизайн; минималистичный дизайн; милый дизайн; эстетичный дизайн; стильный дизайн; лаконичный дизайн; прованс стиль; стиль модерн; эко; эргономичные; эффект состаренности; эффект жатки; ретро; под старину; серия с птичками; цветочные принты; полосатая; этнический орнамент; акцентный узор,дизайн и стиль
Jewellery,аккуратная работа; аккуратный,акцентные
Jewellery,качественная реализация; качественный; качественный материал,высокое качество
Jewellery,замок сложный в использовании,завинчивающийся замок
Jewellery,застежка неудобная; застёжка ломается,застежка ненадежная
Jewellery,красивая; красивое; красивые; красивый; красивый внешний вид; красивый камень,эстетичный дизайн
Jewellery,легкие; яркие,яркие и легкие
Jewellery,минималистичные; стильное; стильные,стильный минимализм
Jewellery,не мелкие; небольшие,средние
Jewellery,не тяжелые; тяжелые,вес
Jewellery,нежная нить; нежные,нежный
Jewellery,покрытие стирается; царапается,повреждение покрытия
Jewellery,удобные; эффектные,эффектные и удобные
Jewellery,яркий комплект; яркий оттенок,яркие украшения
Jewellery,высокое качество; выглядят шикарно; средние; дешёвый ободок,
Jewellery,потемнел от воды; почернели,темнеет от воды
Jewellery,облезают,повреждение покрытия
Shoes,аккуратная пошивка; аккуратно сшиты; качественно сшиты; хорошо прошиты,качественная пошивка
Shoes,аккуратный внешний вид; внешне привлекательные; отличный внешний вид; хороший внешний вид,эстетичный вид
Shoes,амортизирует подошва; амортизируют; амортизирующие; нет амортизации; хорошая амортизация,амортизирующая подошва
Shoes,анатомическая стелька; атласная стелька; качественная стелька; мягкая стелька; съемные стельки; тонкая стелька; удобная стелька,ортопедическая стелька
Shoes,большемерят,большемерки
Shoes,большой носок; длинный носок; для повседневной носки; прочный носок; узкие в носке; узкий носок,повседневные носки
Shoes,с браком,брак
Shoes,быстро выветриваются; быстро натирают; быстро пачкаются; быстро пылятся; быстро разрываются; портятся быстро; стерлись быстро,быстро изнашиваются
Shoes,идут в размер; размер в размер; разный размер; российские размеры,в размер
Shoes,весна/осень; для осени/весны,весна-осень
Shoes,виден клей; клей на поверхности; клей торчит,излишки клея
Shoes,внутренние швы мешают; ровные швы,гладкие швы
Shoes,внутри кожзам; синтетика внутри; холодные внутри,искусственные материалы внутри
Shoes,выглядят дешево,дешёвый вид
Shoes,выглядят классно; сочетаются по цвету; хорошо выглядят,стильные
Shoes,высокая износостойкость; устойчивые к загрязнению,износостойкие
Shoes,высокая цена,оправданная цена
Shoes,высокий задник; жесткий задник,поддерживающий задник
Shoes,высокий подъем; низкий подъем,разная высота подъема
Shoes,качество отличное; отличное качество; хорошее качество; хорошее качество сборки; хорошее соотношение цены и качества; хорошее сцепление,высокое качество
Shoes,глянцевая кожа; искусственная кожа; качественная кожа; натуральная кожа; нежная кожа; приятная кожа,кожа
Shoes,гнётся подошва; дубовая подошва; жёсткая подошва; плоская подошва; подошва гнётся; подошва не стынет; подошва сплюснутая; прошита подошва; стирается подошва; твердая подошва; тонкая подошва; трескается подошва; удобная подошва,качественная подошва
Shoes,грязные,грязь на язычке
Shoes,две пары шнурков; с бежевыми шнурками,2 пары бежевых шнурков
Shoes,декоративные; качественные; комфортные; симпатичные; эффектные,стильные
Shoes,дефекты производства; незначительные дефекты,незначительные производственные дефекты
Shoes,для проблемной стопы; стопа смешается,коррекция стопы
Shoes,для средней полноты; подходят на среднюю стопу,средняя полнота
Shoes,для тренировок; подходят для спорта; удобные для спорта,спортивные
Shoes,есть шнурки; плотные шнурки; толстые шнурки; шнурки развязываются,шнурки
Shoes,жарко летом; летом жарко,летняя жара
Shoes,жестковато; жестковатые; жёсткие,жесткие
Shoes,заломы на коже; подошва в пятнах; яркие пятна при намокании,дефекты кожи и подошвы
Shoes,качественная замша; мягкая замша; элементы из замши,замша
Shoes,катышки на замше; носок с катышками,катышки
Shoes,качество ниже среднего,плохое качество
Shoes,классический стиль; классная кожа; классный внешний вид,классика
Shoes,клеевой след; пожелтели следы клея; проблемы с клеем,следы клея
Shoes,кожзам,кожзам подкладка
Shoes,комфортная колодка; неудобная колодка; широкая колодка,удобная колодка
Shoes,красивая модель; красивые; красивый цвет; цвет красивый,красивый дизайн
Shoes,лёгкие,легкие
Shoes,легко моется; легко стираются; легко чистятся; сложно чистить,легко чистить
Shoes,люверсы криво; слабые люверсы,дефектные люверсы
Shoes,маломерки; слегка маломерят,маломерят
Shoes,массивные; махровые,объемные
Shoes,мягкая кожа; мягкая ткань; мягкие; мягкие на ощупь,мягкая текстура
Shoes,натирают,натирает задник
Shoes,натирают пятку; пятка загибается,проблемы с пяткой
Shoes,не маркие; не скрипит; не трет; не трут,комфортная обувь
Shoes,не оригинал; оригинальная коробка; оригинальная упаковка; оригинальные,оригинал
Shoes,не соответствует размеру; немеряют по размеру; проблемы с размером; размер не соответствует,несоответствие размера
Shoes,небольшое утепление; недостаточно теплые; недостаточно тёплые; теплые; тёплые,теплые до нуля
Shoes,небольшой каблук,удобный каблук
Shoes,нежная расцветка,нежный цвет
Shoes,плотные,плотный материал
Shoes,повседневные,универсальные
Shoes,практичные; прочные,износостойкие
Shoes,промокаемые; промокают,промокаемость
Shoes,пружинят,пружинящие
Shoes,размерная сетка; размерная сетка неточная,неточная размерная сетка
Shoes,стелька с супинатором,с супинатором
Shoes,скрипят,скрипят при ходьбе
Shoes,соответствует размеру,соответствует описанию
Shoes,тяжеловаты; тяжёлые,тяжелые
Shoes,удобно надевать; удобные при беге,удобные кроссовки
Shoes,узковатые,узкие
Shoes,цвет как на фото; цвет темнее на фото,цвет отличается от фото
Shoes,широковаты,широкие
Shoes,яркие,яркий цвет
Shoes,качественная пошивка; высокое качество; качественная обувь,
Shoes,эстетичный вид; красивый дизайн; суперский дизайн,красивый дизайн
Shoes,большемерки; в размер; маломерят; несоответствие размера; неточная размерная сетка,
Shoes,стильные; стильные,стильные
Shoes,износостойкие; износостойкие,износостойкие
Shoes,мягкая текстура; мягкие,мягкий
Shoes,кожа; замша; кожзам подкладка; искусственные материалы внутри,материалы
Shoes,замша царапается; замша сцарапывается,замша царапается
Shoes,набойка на месте; с супинатором; поддерживающий задник; ортопедическая стелька; ортопедические вставки,ортопедические элементы
Shoes,легкие; невесомые,легкие
Shoes,для школы; универсальные; унисекс,универсальные
Shoes,дышащие; потеют в помещении,дышащие
Shoes,теплые до нуля; утепленные; для низких температур,утепленные
Shoes,спортивные; скоростные,спортивные
Shoes,для низких температур; весна-осень; летняя жара,сезонность
Shoes,широкие; узкие; средняя полнота,полнота
Shoes,цвет огонь; яркий цвет; нежный цвет; холодный оттенок; цвет отличается от фото; припыленно-розовый; цвет шикарный,цвет
Toys,аккуратная,аккуратная покраска
Toys,аккуратная упаковка; качественная упаковка; проблемы с упаковкой; целая упаковка; целостная упаковка,хорошая упаковка
Toys,безопасная; безопасная палочка; безопасное зеркальце,безопасный
Toys,мягкие липучки; прочные липучки,безопасные липучки
Toys,белый шум; шум воды нравится,звуки природы
Toys,цвета,бледные цвета
Toys,бубенчик звенит; звенит; звенит колокольчик,звенящие
Toys,ломается при использовании; может ломаться; портится быстро,быстро ломается
Toys,внимание к деталям; много деталей,детализированные игрушки
Toys,вода капает; наполняется водой,с водой
Toys,вращаются ушки; спадают с ушей,подвижные ушки
Toys,все работает; свет работает,свет исправен
Toys,высокое качество; качественная; качественная пошивка; качественно сделан; качественно сделана; качественно сделано; качественное исполнение; качественные; качественный; качественный звук; качественный набор; отличное качество; хорошее качество; хороший результат,качественная игрушка
Toys,держится отлично; удобно нажимать; удобно хватать; хорошо зашлифована,эргономичный дизайн
Toys,детали выпадают; отваливаются детали; разваливаются детали,непрочные детали
Toys,для детей 1-6 лет; для детей 6+; для детей 8-9 лет; для детей от 5 лет,для детей 1-9 лет
Toys,для игры; для логических игр; для моторики; для рисования; для фотосессии; удобные для игры,развивающие игрушки
Toys,для изучения математики; для изучения цветов,развивающие игрушки
Toys,долгая зарядка; долгая работа; долговечная,долговечный
Toys,долго держит батарею; проблемы с батарейками,работает от батареек
Toys,журчащий звук; звук работает; звуковая,звуковые эффекты
Toys,заедает механизм; заедают кнопки,заедание деталей
Toys,занимает ребенка; интересует ребенка; ребенок в восторге; увлекает ребенка,увлекательный
Toys,занимательный процесс,занимательная
Toys,западает кнопка; карандаш теряется; палка вылетает,дефекты деталей
Toys,интерактивная; интерактивные; оригинал; оригинальный; оригинальный дизайн; оригинальный товар,интерактивный
Toys,интересная; интересная для малышей; интересная для ребенка; интересная игрушка; интересный набор; интересный сюжет,интересная для детей
Toys,карточки; карточки в комплекте,карточки комплект
Toys,качественные материалы; натуральное дерево,натуральные материалы
Toys,пластик плохого качества; хорошее качество пластика; хороший пластик,качественный пластик
Toys,колеса не крутятся; кольцо не докручивается; не держится зайка; не открываются спреи,неисправности деталей
Toys,колыбельные мелодии,колыбельные песни
Toys,компактные; объем комфортный,компактный
Toys,красивая; симпатичный вид,красивый дизайн
Toys,красивый дизайн; милый дизайн; стильный дизайн; яркий дизайн,эстетичный дизайн
Toys,красочные; крупные,крупные красочные
Toys,крышка плохо держится; неудобное крепление; слабое крепление козырька,слабое крепление
Toys,легкие шарики; легкий вес,лёгкие игрушки
Toys,легко ломаются ручки; лёгкая для ручки; лёгкое нажатие кнопок,лёгкое управление
Toys,легко мыть; легко рисовать; легко стирать,легко чистить
Toys,маленькая; маленькие размеры; маленький набор; небольшой размер,маленький размер
Toys,меняет цвет; смешивание цветов,изменение цвета
Toys,мини-размер; серия мини,мини-игрушки
Toys,несколько режимов мелодий,много мелодий
Toys,много функций; работают функции,функциональная игрушка
Toys,многофункциональная; функциональная; функциональный; функциональный дизайн,функциональная игрушка
Toys,музыкальная,музыкальные инструменты
Toys,мягкая; мягкая игрушка; мягкие; мягкие уши; мягкий; мягкое свечение; с мягкими ручками,мягкие игрушки
Toys,мягко едет; плавно едет,плавный ход
Toys,не набирает воду; подача воды слабая,слабый насос
Toys,не прочный; прочная; прочная конструкция; прочные; прочный материал,прочный
Toys,негромкий звук; ненавязчивые мелодии,мягкий звук
Toys,нежная на ощупь,приятная на ощупь
Toys,пахнет,пахнет деревом
Toys,пищит,пищащая
Toys,приятная музыка; приятная цветовая гамма; тактильно приятная,сенсорная игрушка
Toys,пузырит; шуршит,пузырит шуршит
Toys,развивающая игрушка,развивающая
Toys,развлекательный; увлекательная игра,увлекательная игрушка
Toys,реалистичная игра; реалистичные; реалистичный; реалистичный вид,реалистичные игрушки
Toys,с блестками; с бубенчиками; с грызунком; с погремушкой,с аксессуарами
Toys,с мелодией; с музыкой; со звуком,звуковая игрушка
Toys,сказки; сказки и стихи,сказки и песни
Toys,удобная в поездках; удобно брать в дорогу,портативная игрушка
Toys,удобная подушка; удобные крепления,удобный
Toys,хлипкие соединения; хлипкий корпус,хлипкая конструкция
Toys,яркая; яркие; яркие краски; яркие рисунки,яркие цвета
Toys,быстро ломается; непрочные детали; дефекты деталей; неисправности деталей; слабое крепление; слабый насос; плохо работает кран; плохо набита; неровная форма; острые заусенцы; отлипают со временем; поврежден корпус; почти пустая; туговато режутся; хлипкая конструкция; крошится материал; некачественный дизайн; ограниченные объяснения; не очень интересные опыты; несоответствие шариков; стираются символы; занимательная; увлекательная игрушка; интересная для детей; самодельные маркеры; маски для раскраски; много красителя; можно как подушка; милые ежики; милая деталь; короткая дуга; кра́ткосрочный интерес; нет батареек в комплекте; требует лед; жидкость испарилась; гудит при работе; голова бабочки оторвана; грязно-серый цвет; грустные глаза,
Toys,качественная игрушка; функциональная игрушка,функциональная
Toys,эстетичный дизайн; эстетичная,красивый дизайн
Toys,мягкие игрушки; мягкий звук; мягкий,мягкий
Toys,много мелодий; колыбельные песни; песни,много мелодий
Toys,развивающая; развивающие игрушки,развивающие игрушки
Toys,увлекательный; увлекательная игрушка,увлекательный
